Station,Predicted Busyness
Mamsellimyllynkatu,"['Very Busy', 'Quite Busy', 'Very Busy', 'Very Busy', 'Quite Busy']"
Intiankatu,"['Moderately Busy', 'Not Busy', 'Moderately Busy', 'Moderately Busy', 'Not Busy']"
Mäkelänkatu,"['Moderately Busy', 'Moderately Busy', 'Moderately Busy', 'Moderately Busy', 'Moderately Busy']"
Rautatientori / länsi,"['Not Busy', 'Not Busy', 'Not Busy', 'Not Busy', 'Not Busy']"
Kansallismuseo,"['Not Busy', 'Not Busy', 'Not Busy', 'Moderately Busy', 'Not Busy']"
Koivu-Mankkaa,"['Moderately Busy', 'Moderately Busy', 'Moderately Busy', 'Moderately Busy', 'Moderately Busy']"
Baana,"['Moderately Busy', 'Moderately Busy', 'Moderately Busy', 'Moderately Busy', 'Not Busy']"
Puotila (M),"['Quite Busy', 'Very Busy', 'Very Busy', 'Very Busy', 'Quite Busy']"
Hanasaari,"['Moderately Busy', 'Moderately Busy', 'Not Busy', 'Moderately Busy', 'Moderately Busy']"
Lauttasaarensilta,"['Moderately Busy', 'Moderately Busy', 'Moderately Busy', 'Moderately Busy', 'Moderately Busy']"
Lystimäki,"['Not Busy', 'Not Busy', 'Not Busy', 'Not Busy', 'Moderately Busy']"
Töölöntori,"['Moderately Busy', 'Moderately Busy', 'Moderately Busy', 'Moderately Busy', 'Not Busy']"
Cygnaeuksenkatu,"['Moderately Busy', 'Moderately Busy', 'Quite Busy', 'Quite Busy', 'Moderately Busy']"
Muurarinkuja,"['Moderately Busy', 'Moderately Busy', 'Moderately Busy', 'Moderately Busy', 'Not Busy']"
Melkonkuja,"['Moderately Busy', 'Not Busy', 'Not Busy', 'Moderately Busy', 'Not Busy']"
Pohjolanaukio,"['Moderately Busy', 'Moderately Busy', 'Moderately Busy', 'Moderately Busy', 'Moderately Busy']"
Itämerentori,"['Moderately Busy', 'Moderately Busy', 'Moderately Busy', 'Moderately Busy', 'Not Busy']"
Thalianaukio,"['Quite Busy', 'Quite Busy', 'Quite Busy', 'Quite Busy', 'Quite Busy']"
Luoteisväylä,"['Moderately Busy', 'Moderately Busy', 'Moderately Busy', 'Moderately Busy', 'Moderately Busy']"
Agronominkatu,"['Quite Busy', 'Quite Busy', 'Quite Busy', 'Quite Busy', 'Moderately Busy']"
Linnuntie,"['Moderately Busy', 'Moderately Busy', 'Moderately Busy', 'Moderately Busy', 'Moderately Busy']"
Vallikatu,"['Moderately Busy', 'Moderately Busy', 'Moderately Busy', 'Moderately Busy', 'Moderately Busy']"
Päijänteentie,"['Not Busy', 'Not Busy', 'Not Busy', 'Not Busy', 'Not Busy']"
Auringonkatu,"['Moderately Busy', 'Moderately Busy', 'Moderately Busy', 'Moderately Busy', 'Moderately Busy']"
Merisotilaantori,"['Moderately Busy', 'Moderately Busy', 'Moderately Busy', 'Moderately Busy', 'Not Busy']"
Haukilahdenkatu,"['Not Busy', 'Not Busy', 'Not Busy', 'Not Busy', 'Not Busy']"
Töölönkatu,"['Moderately Busy', 'Moderately Busy', 'Moderately Busy', 'Moderately Busy', 'Not Busy']"
Torpanranta,"['Moderately Busy', 'Not Busy', 'Not Busy', 'Not Busy', 'Moderately Busy']"
Siilitie 9,"['Moderately Busy', 'Moderately Busy', 'Moderately Busy', 'Moderately Busy', 'Moderately Busy']"
Vanha kirkkopuisto,"['Not Busy', 'Not Busy', 'Not Busy', 'Not Busy', 'Not Busy']"
Ooppera,"['Not Busy', 'Not Busy', 'Not Busy', 'Not Busy', 'Not Busy']"
Leppäsuonaukio,"['Moderately Busy', 'Moderately Busy', 'Moderately Busy', 'Moderately Busy', 'Moderately Busy']"
Heikkiläntie,"['Moderately Busy', 'Moderately Busy', 'Moderately Busy', 'Moderately Busy', 'Not Busy']"
Ilmalan asema,"['Moderately Busy', 'Moderately Busy', 'Moderately Busy', 'Moderately Busy', 'Moderately Busy']"
Oulunkylän asema,"['Moderately Busy', 'Moderately Busy', 'Moderately Busy', 'Moderately Busy', 'Moderately Busy']"
Annankatu,"['Moderately Busy', 'Not Busy', 'Not Busy', 'Not Busy', 'Not Busy']"
Ahertajantie,"['Moderately Busy', 'Moderately Busy', 'Moderately Busy', 'Moderately Busy', 'Moderately Busy']"
Itälahdenkatu,"['Not Busy', 'Not Busy', 'Not Busy', 'Not Busy', 'Not Busy']"
Marian sairaala,"['Moderately Busy', 'Moderately Busy', 'Moderately Busy', 'Moderately Busy', 'Not Busy']"
Kylävoudintie,"['Moderately Busy', 'Moderately Busy', 'Moderately Busy', 'Moderately Busy', 'Moderately Busy']"
Piispanportti,"['Moderately Busy', 'Moderately Busy', 'Moderately Busy', 'Moderately Busy', 'Not Busy']"
Radiokatu,"['Moderately Busy', 'Not Busy', 'Not Busy', 'Not Busy', 'Not Busy']"
Lepolantie,"['Moderately Busy', 'Moderately Busy', 'Moderately Busy', 'Moderately Busy', 'Moderately Busy']"
Korkeasaari,"['Moderately Busy', 'Not Busy', 'Not Busy', 'Not Busy', 'Moderately Busy']"
Rautatieläisenkatu,"['Moderately Busy', 'Moderately Busy', 'Moderately Busy', 'Moderately Busy', 'Moderately Busy']"
Westendinasema,"['Moderately Busy', 'Not Busy', 'Not Busy', 'Moderately Busy', 'Moderately Busy']"
Viiskulma,"['Moderately Busy', 'Moderately Busy', 'Moderately Busy', 'Moderately Busy', 'Not Busy']"
Reiherintie,"['Moderately Busy', 'Moderately Busy', 'Moderately Busy', 'Moderately Busy', 'Moderately Busy']"
Rautatientori / itä,"['Moderately Busy', 'Not Busy', 'Not Busy', 'Moderately Busy', 'Not Busy']"
Vanha Viertotie,"['Quite Busy', 'Quite Busy', 'Quite Busy', 'Quite Busy', 'Quite Busy']"
Eerikinkatu,"['Not Busy', 'Not Busy', 'Not Busy', 'Not Busy', 'Not Busy']"
Fleminginkatu,"['Moderately Busy', 'Moderately Busy', 'Moderately Busy', 'Moderately Busy', 'Not Busy']"
Orpaanporras,"['Quite Busy', 'Quite Busy', 'Quite Busy', 'Quite Busy', 'Quite Busy']"
Vanha Kauppahalli,"['Not Busy', 'Not Busy', 'Not Busy', 'Not Busy', 'Not Busy']"
Roihupelto,"['Very Busy', 'Very Busy', 'Extremely Busy', 'Very Busy', 'Very Busy']"
Eteläesplanadi,"['Not Busy', 'Not Busy', 'Not Busy', 'Not Busy', 'Not Busy']"
Jätkäsaarenlaituri,"['Moderately Busy', 'Moderately Busy', 'Moderately Busy', 'Quite Busy', 'Moderately Busy']"
Teljäntie,"['Moderately Busy', 'Moderately Busy', 'Moderately Busy', 'Moderately Busy', 'Moderately Busy']"
Käskynhaltijantie,"['Moderately Busy', 'Moderately Busy', 'Moderately Busy', 'Moderately Busy', 'Moderately Busy']"
Itäportti,"['Moderately Busy', 'Moderately Busy', 'Moderately Busy', 'Moderately Busy', 'Moderately Busy']"
Komentajankatu,"['Not Busy', 'Not Busy', 'Not Busy', 'Moderately Busy', 'Not Busy']"
Säterinrinne,"['Moderately Busy', 'Moderately Busy', 'Moderately Busy', 'Not Busy', 'Moderately Busy']"
Hernepellontie,"['Moderately Busy', 'Moderately Busy', 'Moderately Busy', 'Moderately Busy', 'Moderately Busy']"
Narinkka,"['Not Busy', 'Not Busy', 'Not Busy', 'Not Busy', 'Not Busy']"
Teurastamo,"['Moderately Busy', 'Not Busy', 'Not Busy', 'Moderately Busy', 'Not Busy']"
Seurasaari,"['Moderately Busy', 'Moderately Busy', 'Moderately Busy', 'Moderately Busy', 'Moderately Busy']"
Viikin normaalikoulu,"['Very Busy', 'Very Busy', 'Very Busy', 'Very Busy', 'Very Busy']"
Ratapihantie,"['Not Busy', 'Not Busy', 'Not Busy', 'Not Busy', 'Not Busy']"
Hietaniemenkatu,"['Moderately Busy', 'Moderately Busy', 'Not Busy', 'Moderately Busy', 'Moderately Busy']"
Lintulahdenkatu,"['Moderately Busy', 'Moderately Busy', 'Not Busy', 'Moderately Busy', 'Not Busy']"
Mastokatu,"['Moderately Busy', 'Moderately Busy', 'Moderately Busy', 'Moderately Busy', 'Moderately Busy']"
Diakoniapuisto,"['Moderately Busy', 'Not Busy', 'Not Busy', 'Moderately Busy', 'Not Busy']"
Haukilahdensolmu,"['Moderately Busy', 'Moderately Busy', 'Moderately Busy', 'Moderately Busy', 'Not Busy']"
Toppelundintie,"['Moderately Busy', 'Quite Busy', 'Not Busy', 'Moderately Busy', 'Moderately Busy']"
Jäähalli,"['Moderately Busy', 'Moderately Busy', 'Moderately Busy', 'Moderately Busy', 'Moderately Busy']"
Käpyläntie,"['Moderately Busy', 'Moderately Busy', 'Moderately Busy', 'Moderately Busy', 'Moderately Busy']"
Siltavoudintie,"['Moderately Busy', 'Moderately Busy', 'Moderately Busy', 'Moderately Busy', 'Moderately Busy']"
Niittymaa,"['Moderately Busy', 'Moderately Busy', 'Moderately Busy', 'Moderately Busy', 'Moderately Busy']"
Asentajanpuisto,"['Quite Busy', 'Very Busy', 'Very Busy', 'Very Busy', 'Quite Busy']"
Tyynenmerenkatu,"['Moderately Busy', 'Moderately Busy', 'Moderately Busy', 'Moderately Busy', 'Not Busy']"
Painiitty,"['Not Busy', 'Not Busy', 'Not Busy', 'Not Busy', 'Not Busy']"
Karhupuisto,"['Not Busy', 'Not Busy', 'Not Busy', 'Moderately Busy', 'Not Busy']"
Ehrenströmintie,"['Not Busy', 'Not Busy', 'Not Busy', 'Not Busy', 'Not Busy']"
Gebhardinaukio,"['Not Busy', 'Not Busy', 'Not Busy', 'Not Busy', 'Not Busy']"
Friisilänaukio,"['Moderately Busy', 'Moderately Busy', 'Moderately Busy', 'Moderately Busy', 'Moderately Busy']"
Huovitie,"['Very Busy', 'Very Busy', 'Very Busy', 'Very Busy', 'Quite Busy']"
Tulisuontie,"['Moderately Busy', 'Moderately Busy', 'Moderately Busy', 'Moderately Busy', 'Not Busy']"
Hakaniemi (M),"['Moderately Busy', 'Moderately Busy', 'Moderately Busy', 'Moderately Busy', 'Not Busy']"
Valimotie,"['Moderately Busy', 'Moderately Busy', 'Moderately Busy', 'Moderately Busy', 'Not Busy']"
Olarinluoma,"['Not Busy', 'Not Busy', 'Not Busy', 'Not Busy', 'Not Busy']"
Kesäkatu,"['Not Busy', 'Not Busy', 'Not Busy', 'Not Busy', 'Not Busy']"
Komeetankatu,"['Moderately Busy', 'Moderately Busy', 'Moderately Busy', 'Moderately Busy', 'Moderately Busy']"
Käpylän asema,"['Moderately Busy', 'Moderately Busy', 'Moderately Busy', 'Moderately Busy', 'Moderately Busy']"
Venttiilikuja,"['Not Busy', 'Not Busy', 'Not Busy', 'Moderately Busy', 'Not Busy']"
Innopoli,"['Not Busy', 'Not Busy', 'Not Busy', 'Not Busy', 'Not Busy']"
Säteri,"['Moderately Busy', 'Moderately Busy', 'Moderately Busy', 'Moderately Busy', 'Not Busy']"
Betonimies,"['Moderately Busy', 'Quite Busy', 'Quite Busy', 'Quite Busy', 'Moderately Busy']"
Unioninkatu,"['Moderately Busy', 'Moderately Busy', 'Moderately Busy', 'Moderately Busy', 'Moderately Busy']"
Hakalehto,"['Quite Busy', 'Moderately Busy', 'Moderately Busy', 'Quite Busy', 'Moderately Busy']"
Hietalahdentori,"['Not Busy', 'Not Busy', 'Not Busy', 'Not Busy', 'Not Busy']"
Gallen-Kallelan tie,"['Moderately Busy', 'Moderately Busy', 'Moderately Busy', 'Moderately Busy', 'Moderately Busy']"
Kapteeninpuistikko,"['Not Busy', 'Not Busy', 'Not Busy', 'Not Busy', 'Not Busy']"
Eränkävijäntori,"['Moderately Busy', 'Moderately Busy', 'Moderately Busy', 'Moderately Busy', 'Moderately Busy']"
Porolahden koulu,"['Moderately Busy', 'Moderately Busy', 'Moderately Busy', 'Moderately Busy', 'Moderately Busy']"
Messeniuksenkatu,"['Moderately Busy', 'Moderately Busy', 'Moderately Busy', 'Moderately Busy', 'Not Busy']"
Niittykumpu (M),"['Moderately Busy', 'Moderately Busy', 'Moderately Busy', 'Moderately Busy', 'Moderately Busy']"
Petter Wetterin tie,"['Quite Busy', 'Quite Busy', 'Moderately Busy', 'Quite Busy', 'Moderately Busy']"
Golfpolku,"['Moderately Busy', 'Not Busy', 'Not Busy', 'Moderately Busy', 'Moderately Busy']"
Prinsessantie,"['Moderately Busy', 'Moderately Busy', 'Moderately Busy', 'Moderately Busy', 'Not Busy']"
Töölöntulli,"['Moderately Busy', 'Moderately Busy', 'Moderately Busy', 'Moderately Busy', 'Moderately Busy']"
Korjaamo,"['Moderately Busy', 'Not Busy', 'Not Busy', 'Moderately Busy', 'Not Busy']"
Hauenkallio,"['Moderately Busy', 'Moderately Busy', 'Moderately Busy', 'Moderately Busy', 'Moderately Busy']"
Hollolantie,"['Moderately Busy', 'Not Busy', 'Not Busy', 'Moderately Busy', 'Not Busy']"
Mankkaanlaaksontie,"['Quite Busy', 'Quite Busy', 'Moderately Busy', 'Moderately Busy', 'Quite Busy']"
Peukaloisentie,"['Moderately Busy', 'Moderately Busy', 'Moderately Busy', 'Moderately Busy', 'Moderately Busy']"
Puotilantie,"['Moderately Busy', 'Moderately Busy', 'Moderately Busy', 'Moderately Busy', 'Moderately Busy']"
Puotinharju,"['Very Busy', 'Very Busy', 'Very Busy', 'Very Busy', 'Very Busy']"
Workshop Helsinki,"['Extremely Busy', 'Not Busy', 'Not Busy', 'Not Busy', 'Not Busy']"
Ratsutori,"['Quite Busy', 'Quite Busy', 'Quite Busy', 'Quite Busy', 'Quite Busy']"
Puotilan ostoskeskus,"['Quite Busy', 'Quite Busy', 'Quite Busy', 'Quite Busy', 'Quite Busy']"
Rajasaarentie,"['Moderately Busy', 'Moderately Busy', 'Moderately Busy', 'Moderately Busy', 'Moderately Busy']"
Laajalahden keskus,"['Not Busy', 'Moderately Busy', 'Moderately Busy', 'Moderately Busy', 'Not Busy']"
Designmuseo,"['Not Busy', 'Not Busy', 'Moderately Busy', 'Moderately Busy', 'Not Busy']"
Herttoniemi (M),"['Not Busy', 'Not Busy', 'Not Busy', 'Not Busy', 'Not Busy']"
Voikukantie,"['Quite Busy', 'Quite Busy', 'Quite Busy', 'Very Busy', 'Quite Busy']"
Upseerinkatu,"['Moderately Busy', 'Moderately Busy', 'Not Busy', 'Moderately Busy', 'Not Busy']"
Nelikkotie,"['Moderately Busy', 'Not Busy', 'Not Busy', 'Not Busy', 'Not Busy']"
Kaapelitehdas,"['Moderately Busy', 'Moderately Busy', 'Moderately Busy', 'Moderately Busy', 'Not Busy']"
Senaatintori,"['Not Busy', 'Not Busy', 'Not Busy', 'Not Busy', 'Not Busy']"
Tiistinkallio,"['Moderately Busy', 'Moderately Busy', 'Moderately Busy', 'Moderately Busy', 'Moderately Busy']"
Tenholantie,"['Moderately Busy', 'Moderately Busy', 'Moderately Busy', 'Moderately Busy', 'Not Busy']"
Erottajan aukio,"['Quite Busy', 'Quite Busy', 'Quite Busy', 'Quite Busy', 'Moderately Busy']"
Alakiventie,"['Very Busy', 'Very Busy', 'Very Busy', 'Very Busy', 'Very Busy']"
Matinkyläntie,"['Moderately Busy', 'Moderately Busy', 'Not Busy', 'Moderately Busy', 'Moderately Busy']"
Pohjolankatu,"['Quite Busy', 'Very Busy', 'Quite Busy', 'Very Busy', 'Quite Busy']"
Länsituuli,"['Moderately Busy', 'Moderately Busy', 'Moderately Busy', 'Moderately Busy', 'Moderately Busy']"
Itäkeskus (M),"['Quite Busy', 'Quite Busy', 'Quite Busy', 'Quite Busy', 'Quite Busy']"
Liisanpuistikko,"['Moderately Busy', 'Moderately Busy', 'Moderately Busy', 'Moderately Busy', 'Moderately Busy']"
Marjaniemi,"['Very Busy', 'Very Busy', 'Very Busy', 'Very Busy', 'Very Busy']"
Välimerenkatu,"['Quite Busy', 'Quite Busy', 'Quite Busy', 'Quite Busy', 'Moderately Busy']"
Pajamäki,"['Quite Busy', 'Quite Busy', 'Quite Busy', 'Quite Busy', 'Moderately Busy']"
Lystimäensilta,"['Moderately Busy', 'Moderately Busy', 'Moderately Busy', 'Moderately Busy', 'Moderately Busy']"
Abraham Wetterin tie,"['Moderately Busy', 'Moderately Busy', 'Moderately Busy', 'Moderately Busy', 'Moderately Busy']"
Teollisuuskatu,"['Moderately Busy', 'Moderately Busy', 'Moderately Busy', 'Not Busy', 'Not Busy']"
Vallilan varikko,"['Moderately Busy', 'Moderately Busy', 'Moderately Busy', 'Moderately Busy', 'Moderately Busy']"
Piispansilta,"['Not Busy', 'Not Busy', 'Not Busy', 'Not Busy', 'Not Busy']"
Relanderinaukio,"['Moderately Busy', 'Moderately Busy', 'Moderately Busy', 'Moderately Busy', 'Moderately Busy']"
Mäntyviita,"['Moderately Busy', 'Moderately Busy', 'Moderately Busy', 'Moderately Busy', 'Moderately Busy']"
Jalavatie,"['Moderately Busy', 'Moderately Busy', 'Moderately Busy', 'Moderately Busy', 'Moderately Busy']"
Kasarmitori,"['Not Busy', 'Not Busy', 'Not Busy', 'Not Busy', 'Not Busy']"
Avaruuskatu,"['Not Busy', 'Not Busy', 'Not Busy', 'Not Busy', 'Not Busy']"
Hauenkalliontie,"['Not Busy', 'Not Busy', 'Not Busy', 'Not Busy', 'Not Busy']"
Näkinsilta,"['Moderately Busy', 'Moderately Busy', 'Moderately Busy', 'Moderately Busy', 'Not Busy']"
Brahen kenttä,"['Not Busy', 'Not Busy', 'Not Busy', 'Not Busy', 'Not Busy']"
Tilkanvierto,"['Moderately Busy', 'Moderately Busy', 'Moderately Busy', 'Moderately Busy', 'Moderately Busy']"
Vesakkotie,"['Quite Busy', 'Quite Busy', 'Moderately Busy', 'Quite Busy', 'Moderately Busy']"
Saunalahdentie,"['Moderately Busy', 'Moderately Busy', 'Moderately Busy', 'Moderately Busy', 'Moderately Busy']"
Linnakepolku,"['Moderately Busy', 'Moderately Busy', 'Moderately Busy', 'Moderately Busy', 'Moderately Busy']"
Mannerheimintie,"['Not Busy', 'Not Busy', 'Not Busy', 'Not Busy', 'Not Busy']"
A.I. Virtasen aukio,"['Moderately Busy', 'Moderately Busy', 'Moderately Busy', 'Moderately Busy', 'Moderately Busy']"
Mäkitorpantie,"['Extremely Busy', 'Extremely Busy', 'Extremely Busy', 'Extremely Busy', 'Extremely Busy']"
Haukilahdenranta,"['Moderately Busy', 'Moderately Busy', 'Moderately Busy', 'Moderately Busy', 'Not Busy']"
Koskelantie,"['Not Busy', 'Not Busy', 'Not Busy', 'Moderately Busy', 'Not Busy']"
Haukilahdenaukio,"['Not Busy', 'Not Busy', 'Moderately Busy', 'Not Busy', 'Not Busy']"
Metsänneidonpolku,"['Not Busy', 'Not Busy', 'Not Busy', 'Not Busy', 'Not Busy']"
Sateentie,"['Moderately Busy', 'Moderately Busy', 'Moderately Busy', 'Moderately Busy', 'Moderately Busy']"
Otto Brandtin tie,"['Very Busy', 'Very Busy', 'Very Busy', 'Extremely Busy', 'Very Busy']"
Sepetlahdentie,"['Not Busy', 'Not Busy', 'Not Busy', 'Not Busy', 'Not Busy']"
Nordenskiöldinaukio,"['Moderately Busy', 'Moderately Busy', 'Moderately Busy', 'Moderately Busy', 'Moderately Busy']"
Herttoniemen kirkko,"['Moderately Busy', 'Moderately Busy', 'Moderately Busy', 'Moderately Busy', 'Moderately Busy']"
Pohjankulma,"['Moderately Busy', 'Moderately Busy', 'Moderately Busy', 'Moderately Busy', 'Moderately Busy']"
Von Daehnin katu,"['Quite Busy', 'Very Busy', 'Quite Busy', 'Very Busy', 'Moderately Busy']"
Ympyrätalo,"['Moderately Busy', 'Moderately Busy', 'Moderately Busy', 'Moderately Busy', 'Not Busy']"
Tupasaarentie,"['Quite Busy', 'Quite Busy', 'Quite Busy', 'Quite Busy', 'Moderately Busy']"
Toinen linja,"['Moderately Busy', 'Moderately Busy', 'Moderately Busy', 'Moderately Busy', 'Moderately Busy']"
Kalkkipellonmäki,"['Quite Busy', 'Moderately Busy', 'Moderately Busy', 'Moderately Busy', 'Moderately Busy']"
Humalniementie,"['Quite Busy', 'Quite Busy', 'Quite Busy', 'Quite Busy', 'Very Busy']"
Kirjurinkuja,"['Moderately Busy', 'Moderately Busy', 'Moderately Busy', 'Moderately Busy', 'Moderately Busy']"
Oravannahkatori,"['Not Busy', 'Moderately Busy', 'Moderately Busy', 'Moderately Busy', 'Not Busy']"
Läkkitori,"['Moderately Busy', 'Moderately Busy', 'Moderately Busy', 'Moderately Busy', 'Not Busy']"
Laivasillankatu,"['Not Busy', 'Not Busy', 'Not Busy', 'Not Busy', 'Not Busy']"
Sofianlehdonkatu,"['Moderately Busy', 'Moderately Busy', 'Moderately Busy', 'Moderately Busy', 'Not Busy']"
Majurinkulma,"['Moderately Busy', 'Not Busy', 'Not Busy', 'Moderately Busy', 'Not Busy']"
Perämiehenkatu,"['Moderately Busy', 'Moderately Busy', 'Moderately Busy', 'Moderately Busy', 'Not Busy']"
Maunula,"['Moderately Busy', 'Moderately Busy', 'Moderately Busy', 'Quite Busy', 'Moderately Busy']"
Kalasatama (M),"['Not Busy', 'Not Busy', 'Not Busy', 'Not Busy', 'Not Busy']"
Velodrominrinne,"['Moderately Busy', 'Moderately Busy', 'Moderately Busy', 'Moderately Busy', 'Not Busy']"
Tietäjä,"['Not Busy', 'Not Busy', 'Not Busy', 'Not Busy', 'Not Busy']"
Verkatehtaanpuisto,"['Moderately Busy', 'Moderately Busy', 'Moderately Busy', 'Moderately Busy', 'Moderately Busy']"
Derby Business Park,"['Quite Busy', 'Quite Busy', 'Quite Busy', 'Quite Busy', 'Quite Busy']"
Gunillantie,"['Moderately Busy', 'Moderately Busy', 'Moderately Busy', 'Quite Busy', 'Moderately Busy']"
Kalevankatu,"['Moderately Busy', 'Moderately Busy', 'Moderately Busy', 'Moderately Busy', 'Not Busy']"
Kulttuuriaukio,"['Moderately Busy', 'Moderately Busy', 'Moderately Busy', 'Moderately Busy', 'Moderately Busy']"
Kustaankatu,"['Quite Busy', 'Quite Busy', 'Quite Busy', 'Quite Busy', 'Quite Busy']"
Ritarikatu,"['Not Busy', 'Not Busy', 'Not Busy', 'Not Busy', 'Not Busy']"
Westendintie,"['Moderately Busy', 'Moderately Busy', 'Moderately Busy', 'Moderately Busy', 'Moderately Busy']"
Elimäenkatu,"['Not Busy', 'Moderately Busy', 'Moderately Busy', 'Moderately Busy', 'Not Busy']"
Siilitie 13,"['Moderately Busy', 'Moderately Busy', 'Moderately Busy', 'Moderately Busy', 'Moderately Busy']"
Itäkeskus Metrovarikko,"['Very Busy', 'Very Busy', 'Very Busy', 'Very Busy', 'Moderately Busy']"
Länsisatamankatu,"['Moderately Busy', 'Moderately Busy', 'Moderately Busy', 'Moderately Busy', 'Moderately Busy']"
Brahen puistikko,"['Moderately Busy', 'Moderately Busy', 'Moderately Busy', 'Moderately Busy', 'Moderately Busy']"
Albertinkatu,"['Moderately Busy', 'Moderately Busy', 'Moderately Busy', 'Moderately Busy', 'Moderately Busy']"
Urheilupuisto (M),"['Moderately Busy', 'Moderately Busy', 'Moderately Busy', 'Moderately Busy', 'Moderately Busy']"
Kaivopuisto,"['Moderately Busy', 'Moderately Busy', 'Moderately Busy', 'Moderately Busy', 'Quite Busy']"
Mäkkylän asema,"['Quite Busy', 'Moderately Busy', 'Moderately Busy', 'Quite Busy', 'Moderately Busy']"
Arabiankatu,"['Moderately Busy', 'Moderately Busy', 'Moderately Busy', 'Moderately Busy', 'Not Busy']"
Yhdyskunnankuja,"['Moderately Busy', 'Moderately Busy', 'Moderately Busy', 'Moderately Busy', 'Moderately Busy']"
Haakoninlahdenkatu,"['Quite Busy', 'Moderately Busy', 'Quite Busy', 'Quite Busy', 'Quite Busy']"
Ulvilantie,"['Moderately Busy', 'Moderately Busy', 'Moderately Busy', 'Moderately Busy', 'Moderately Busy']"
Leppävaarankäytävä,"['Quite Busy', 'Quite Busy', 'Quite Busy', 'Quite Busy', 'Moderately Busy']"
Olympiastadion,"['Moderately Busy', 'Moderately Busy', 'Moderately Busy', 'Moderately Busy', 'Moderately Busy']"
Muotoilijankatu,"['Extremely Busy', 'Extremely Busy', 'Extremely Busy', 'Extremely Busy', 'Very Busy']"
Elfvik,"['Moderately Busy', 'Moderately Busy', 'Moderately Busy', 'Moderately Busy', 'Moderately Busy']"
Rummunlyöjänkatu,"['Quite Busy', 'Moderately Busy', 'Moderately Busy', 'Quite Busy', 'Quite Busy']"
Säterinniitty,"['Quite Busy', 'Moderately Busy', 'Moderately Busy', 'Moderately Busy', 'Moderately Busy']"
Porthania,"['Not Busy', 'Not Busy', 'Not Busy', 'Not Busy', 'Not Busy']"
Juhana Herttuan tie,"['Moderately Busy', 'Moderately Busy', 'Moderately Busy', 'Moderately Busy', 'Moderately Busy']"
Pihlajamäki,"['Moderately Busy', 'Moderately Busy', 'Moderately Busy', 'Moderately Busy', 'Moderately Busy']"
Hernesaarenranta,"['Quite Busy', 'Moderately Busy', 'Moderately Busy', 'Quite Busy', 'Quite Busy']"
Tuulimäki,"['Moderately Busy', 'Not Busy', 'Moderately Busy', 'Moderately Busy', 'Moderately Busy']"
Matinkartanontie,"['Moderately Busy', 'Moderately Busy', 'Moderately Busy', 'Moderately Busy', 'Moderately Busy']"
Stenbäckinkatu,"['Moderately Busy', 'Moderately Busy', 'Moderately Busy', 'Moderately Busy', 'Not Busy']"
Varsapuistikko,"['Not Busy', 'Not Busy', 'Not Busy', 'Moderately Busy', 'Not Busy']"
Ruskeasuon varikko,"['Moderately Busy', 'Moderately Busy', 'Moderately Busy', 'Quite Busy', 'Moderately Busy']"
Heikkilänaukio,"['Moderately Busy', 'Moderately Busy', 'Moderately Busy', 'Moderately Busy', 'Not Busy']"
Katariina Saksilaisen katu,"['Moderately Busy', 'Moderately Busy', 'Moderately Busy', 'Moderately Busy', 'Moderately Busy']"
Lauttasaaren ostoskeskus,"['Moderately Busy', 'Moderately Busy', 'Moderately Busy', 'Moderately Busy', 'Moderately Busy']"
Mankkaanaukio,"['Moderately Busy', 'Moderately Busy', 'Moderately Busy', 'Moderately Busy', 'Moderately Busy']"
Lastenlehto,"['Moderately Busy', 'Moderately Busy', 'Moderately Busy', 'Moderately Busy', 'Not Busy']"
Paavalinpuisto,"['Moderately Busy', 'Moderately Busy', 'Moderately Busy', 'Moderately Busy', 'Moderately Busy']"
Kuikkarinne,"['Moderately Busy', 'Not Busy', 'Not Busy', 'Not Busy', 'Not Busy']"
Korppaanmäentie,"['Not Busy', 'Moderately Busy', 'Not Busy', 'Not Busy', 'Not Busy']"
Paciuksenkaari,"['Moderately Busy', 'Moderately Busy', 'Moderately Busy', 'Moderately Busy', 'Moderately Busy']"
Apollonkatu,"['Moderately Busy', 'Moderately Busy', 'Moderately Busy', 'Moderately Busy', 'Not Busy']"
Kaisaniemenpuisto,"['Not Busy', 'Not Busy', 'Not Busy', 'Not Busy', 'Not Busy']"
"Aalto-yliopisto (M), Tietotie","['Not Busy', 'Not Busy', 'Not Busy', 'Not Busy', 'Not Busy']"
Pasilan asema,"['Moderately Busy', 'Moderately Busy', 'Moderately Busy', 'Moderately Busy', 'Moderately Busy']"
Töölönlahdenkatu,"['Not Busy', 'Not Busy', 'Not Busy', 'Not Busy', 'Not Busy']"
Kauppakorkeakoulu,"['Not Busy', 'Not Busy', 'Not Busy', 'Not Busy', 'Not Busy']"
Sähkömies,"['Moderately Busy', 'Moderately Busy', 'Moderately Busy', 'Moderately Busy', 'Not Busy']"
Postipuun koulu,"['Moderately Busy', 'Moderately Busy', 'Moderately Busy', 'Moderately Busy', 'Moderately Busy']"
Tilkantori,"['Moderately Busy', 'Moderately Busy', 'Moderately Busy', 'Moderately Busy', 'Moderately Busy']"
Kiasma,"['Not Busy', 'Not Busy', 'Not Busy', 'Not Busy', 'Not Busy']"
Tekniikantie,"['Moderately Busy', 'Moderately Busy', 'Moderately Busy', 'Moderately Busy', 'Not Busy']"
Laivalahden puistotie,"['Quite Busy', 'Moderately Busy', 'Moderately Busy', 'Quite Busy', 'Moderately Busy']"
Kuunkatu,"['Moderately Busy', 'Not Busy', 'Not Busy', 'Not Busy', 'Not Busy']"
Töölönlahden puisto,"['Moderately Busy', 'Moderately Busy', 'Moderately Busy', 'Moderately Busy', 'Moderately Busy']"
Eteläinen Hesperiankatu,"['Moderately Busy', 'Moderately Busy', 'Moderately Busy', 'Moderately Busy', 'Moderately Busy']"
Ruutikatu,"['Moderately Busy', 'Moderately Busy', 'Moderately Busy', 'Moderately Busy', 'Not Busy']"
Isoisänsilta,"['Moderately Busy', 'Not Busy', 'Not Busy', 'Moderately Busy', 'Moderately Busy']"
Keilaranta,"['Not Busy', 'Not Busy', 'Not Busy', 'Not Busy', 'Not Busy']"
Gyldenintie,"['Not Busy', 'Not Busy', 'Not Busy', 'Not Busy', 'Not Busy']"
Aulangontie,"['Quite Busy', 'Quite Busy', 'Quite Busy', 'Quite Busy', 'Quite Busy']"
Uimastadion,"['Moderately Busy', 'Moderately Busy', 'Not Busy', 'Moderately Busy', 'Moderately Busy']"
"Aalto-yliopisto (M), Korkeakouluaukio","['Moderately Busy', 'Moderately Busy', 'Not Busy', 'Moderately Busy', 'Not Busy']"
Kanavaranta,"['Not Busy', 'Not Busy', 'Not Busy', 'Moderately Busy', 'Not Busy']"
Keilalahti,"['Not Busy', 'Not Busy', 'Not Busy', 'Not Busy', 'Not Busy']"
Viikin tiedepuisto,"['Moderately Busy', 'Quite Busy', 'Quite Busy', 'Quite Busy', 'Moderately Busy']"
Merihaka,"['Moderately Busy', 'Moderately Busy', 'Moderately Busy', 'Moderately Busy', 'Moderately Busy']"
Pernajantie,"['Not Busy', 'Not Busy', 'Not Busy', 'Not Busy', 'Not Busy']"
Agnetankuja,"['Not Busy', 'Not Busy', 'Not Busy', 'Not Busy', 'Not Busy']"
Arabian kauppakeskus,"['Moderately Busy', 'Moderately Busy', 'Moderately Busy', 'Moderately Busy', 'Not Busy']"
Koskelan varikko,"['Very Busy', 'Quite Busy', 'Quite Busy', 'Very Busy', 'Quite Busy']"
Tammisalon aukio,"['Moderately Busy', 'Moderately Busy', 'Moderately Busy', 'Moderately Busy', 'Quite Busy']"
Outotec,"['Moderately Busy', 'Moderately Busy', 'Moderately Busy', 'Moderately Busy', 'Not Busy']"
Leppävaaran uimahalli,"['Not Busy', 'Moderately Busy', 'Not Busy', 'Moderately Busy', 'Not Busy']"
Matinlahdenranta,"['Not Busy', 'Not Busy', 'Not Busy', 'Not Busy', 'Not Busy']"
Kamppi (M),"['Not Busy', 'Not Busy', 'Not Busy', 'Not Busy', 'Not Busy']"
Vilhonvuorenkatu,"['Moderately Busy', 'Moderately Busy', 'Moderately Busy', 'Moderately Busy', 'Moderately Busy']"
Haapaniemenkatu,"['Moderately Busy', 'Moderately Busy', 'Moderately Busy', 'Moderately Busy', 'Moderately Busy']"
Jämeräntaival,"['Moderately Busy', 'Moderately Busy', 'Moderately Busy', 'Moderately Busy', 'Moderately Busy']"
Tontunmäentie,"['Not Busy', 'Not Busy', 'Not Busy', 'Not Busy', 'Not Busy']"
Sepänkatu,"['Not Busy', 'Moderately Busy', 'Not Busy', 'Moderately Busy', 'Not Busy']"
Isosaarentie,"['Moderately Busy', 'Moderately Busy', 'Moderately Busy', 'Moderately Busy', 'Moderately Busy']"
Maarinranta,"['Moderately Busy', 'Moderately Busy', 'Moderately Busy', 'Moderately Busy', 'Moderately Busy']"
Puistokaari,"['Quite Busy', 'Moderately Busy', 'Moderately Busy', 'Quite Busy', 'Quite Busy']"
Herttoniemenranta,"['Moderately Busy', 'Moderately Busy', 'Moderately Busy', 'Moderately Busy', 'Moderately Busy']"
Maistraatintori,"['Extremely Busy', 'Extremely Busy', 'Extremely Busy', 'Extremely Busy', 'Very Busy']"
Hagalundinpuisto,"['Quite Busy', 'Quite Busy', 'Moderately Busy', 'Quite Busy', 'Moderately Busy']"
Linnanmäki,"['Moderately Busy', 'Moderately Busy', 'Moderately Busy', 'Moderately Busy', 'Moderately Busy']"
Tapionaukio,"['Quite Busy', 'Moderately Busy', 'Moderately Busy', 'Quite Busy', 'Moderately Busy']"
Etuniementie,"['Moderately Busy', 'Moderately Busy', 'Moderately Busy', 'Moderately Busy', 'Moderately Busy']"
Mustikkamaa,"['Moderately Busy', 'Moderately Busy', 'Moderately Busy', 'Not Busy', 'Moderately Busy']"
Kutsuntatie,"['Not Busy', 'Not Busy', 'Not Busy', 'Not Busy', 'Not Busy']"
Kalevalantie,"['Moderately Busy', 'Moderately Busy', 'Moderately Busy', 'Moderately Busy', 'Moderately Busy']"
Suomenlahdentie,"['Not Busy', 'Not Busy', 'Not Busy', 'Not Busy', 'Not Busy']"
Suurpellonaukio,"['Moderately Busy', 'Moderately Busy', 'Moderately Busy', 'Moderately Busy', 'Moderately Busy']"
Tiistiläntie,"['Moderately Busy', 'Moderately Busy', 'Moderately Busy', 'Moderately Busy', 'Moderately Busy']"
Kirkkoherrantie,"['Moderately Busy', 'Moderately Busy', 'Moderately Busy', 'Moderately Busy', 'Moderately Busy']"
Tapiolan urheilupuisto,"['Very Busy', 'Very Busy', 'Very Busy', 'Very Busy', 'Quite Busy']"
Hertanmäenkatu,"['Not Busy', 'Not Busy', 'Not Busy', 'Not Busy', 'Not Busy']"
Eläinmuseo,"['Extremely Busy', 'Extremely Busy', 'Extremely Busy', 'Extremely Busy', 'Quite Busy']"
Orionintie,"['Very Busy', 'Extremely Busy', 'Extremely Busy', 'Very Busy', 'Moderately Busy']"
Leppävaaran urheilupuisto,"['Moderately Busy', 'Moderately Busy', 'Moderately Busy', 'Moderately Busy', 'Moderately Busy']"
Toppelundinportti,"['Moderately Busy', 'Moderately Busy', 'Moderately Busy', 'Moderately Busy', 'Not Busy']"
Nuottaniementie,"['Moderately Busy', 'Moderately Busy', 'Moderately Busy', 'Moderately Busy', 'Moderately Busy']"
Margareetankuja,"['Moderately Busy', 'Moderately Busy', 'Moderately Busy', 'Moderately Busy', 'Moderately Busy']"
Kulosaari (M),"['Moderately Busy', 'Moderately Busy', 'Moderately Busy', 'Moderately Busy', 'Moderately Busy']"
Postipuisto,"['Moderately Busy', 'Moderately Busy', 'Moderately Busy', 'Moderately Busy', 'Quite Busy']"
Muusantori,"['Moderately Busy', 'Moderately Busy', 'Moderately Busy', 'Moderately Busy', 'Moderately Busy']"
Lukutori,"['Moderately Busy', 'Moderately Busy', 'Moderately Busy', 'Moderately Busy', 'Quite Busy']"
Piispankallio,"['Not Busy', 'Not Busy', 'Not Busy', 'Moderately Busy', 'Not Busy']"
Nokkala,"['Not Busy', 'Not Busy', 'Not Busy', 'Not Busy', 'Not Busy']"
Ruomelantie,"['Moderately Busy', 'Not Busy', 'Not Busy', 'Moderately Busy', 'Moderately Busy']"
Huopalahdentie,"['Moderately Busy', 'Moderately Busy', 'Moderately Busy', 'Moderately Busy', 'Moderately Busy']"
Sammonpuistikko,"['Moderately Busy', 'Moderately Busy', 'Moderately Busy', 'Moderately Busy', 'Moderately Busy']"
Keilaniemi (M),"['Moderately Busy', 'Not Busy', 'Not Busy', 'Moderately Busy', 'Not Busy']"
Otsolahti,"['Moderately Busy', 'Moderately Busy', 'Moderately Busy', 'Moderately Busy', 'Moderately Busy']"
Laajasalon ostoskeskus,"['Quite Busy', 'Quite Busy', 'Quite Busy', 'Quite Busy', 'Quite Busy']"
Mellstenintie,"['Moderately Busy', 'Moderately Busy', 'Moderately Busy', 'Not Busy', 'Moderately Busy']"
Louhentori,"['Moderately Busy', 'Moderately Busy', 'Moderately Busy', 'Moderately Busy', 'Moderately Busy']"
Lumivaarantie,"['Not Busy', 'Moderately Busy', 'Moderately Busy', 'Moderately Busy', 'Moderately Busy']"
Marjaniementie,"['Very Busy', 'Quite Busy', 'Quite Busy', 'Very Busy', 'Quite Busy']"
Kiskontie,"['Moderately Busy', 'Moderately Busy', 'Moderately Busy', 'Moderately Busy', 'Not Busy']"
Myllypuro (M),"['Quite Busy', 'Quite Busy', 'Quite Busy', 'Quite Busy', 'Quite Busy']"
Revontulentie,"['Moderately Busy', 'Moderately Busy', 'Moderately Busy', 'Moderately Busy', 'Not Busy']"
Siilitie (M),"['Quite Busy', 'Quite Busy', 'Quite Busy', 'Quite Busy', 'Moderately Busy']"
Otaranta,"['Moderately Busy', 'Moderately Busy', 'Moderately Busy', 'Quite Busy', 'Moderately Busy']"
Karhulantie,"['Moderately Busy', 'Moderately Busy', 'Moderately Busy', 'Moderately Busy', 'Moderately Busy']"
Vallipolku,"['Moderately Busy', 'Moderately Busy', 'Moderately Busy', 'Moderately Busy', 'Moderately Busy']"
Kustaankartano,"['Quite Busy', 'Quite Busy', 'Quite Busy', 'Quite Busy', 'Quite Busy']"
Gransinmäki,"['Moderately Busy', 'Moderately Busy', 'Moderately Busy', 'Moderately Busy', 'Not Busy']"
Mestarinkatu,"['Moderately Busy', 'Moderately Busy', 'Moderately Busy', 'Quite Busy', 'Moderately Busy']"
Munkkiniemen aukio,"['Moderately Busy', 'Moderately Busy', 'Moderately Busy', 'Moderately Busy', 'Moderately Busy']"
Munkkivuoren ostoskeskus,"['Moderately Busy', 'Moderately Busy', 'Moderately Busy', 'Moderately Busy', 'Moderately Busy']"
Laajalahden aukio,"['Moderately Busy', 'Moderately Busy', 'Moderately Busy', 'Moderately Busy', 'Moderately Busy']"
Näyttelijäntie,"['Not Busy', 'Not Busy', 'Not Busy', 'Not Busy', 'Not Busy']"
Haagan tori,"['Moderately Busy', 'Moderately Busy', 'Moderately Busy', 'Moderately Busy', 'Moderately Busy']"
Kuusitie,"['Moderately Busy', 'Moderately Busy', 'Moderately Busy', 'Moderately Busy', 'Moderately Busy']"
Länsiterminaali,"['Quite Busy', 'Quite Busy', 'Quite Busy', 'Quite Busy', 'Quite Busy']"
Vihdintie,"['Moderately Busy', 'Moderately Busy', 'Moderately Busy', 'Moderately Busy', 'Moderately Busy']"
Salmisaarenranta,"['Not Busy', 'Not Busy', 'Not Busy', 'Not Busy', 'Not Busy']"
Tunnelitie,"['Quite Busy', 'Moderately Busy', 'Moderately Busy', 'Quite Busy', 'Moderately Busy']"
Marttila,"['Moderately Busy', 'Quite Busy', 'Quite Busy', 'Moderately Busy', 'Quite Busy']"
Ida Aalbergin tie,"['Extremely Busy', 'Extremely Busy', 'Extremely Busy', 'Extremely Busy', 'Extremely Busy']"
Länsisatamankuja,"['Moderately Busy', 'Moderately Busy', 'Moderately Busy', 'Moderately Busy', 'Not Busy']"
Lehtisaarentie,"['Moderately Busy', 'Not Busy', 'Not Busy', 'Not Busy', 'Not Busy']"
Paciuksenkatu,"['Not Busy', 'Not Busy', 'Not Busy', 'Moderately Busy', 'Not Busy']"
Jännetie,"['Moderately Busy', 'Moderately Busy', 'Moderately Busy', 'Moderately Busy', 'Moderately Busy']"
Takomotie,"['Moderately Busy', 'Moderately Busy', 'Moderately Busy', 'Moderately Busy', 'Moderately Busy']"
Meilahden sairaala,"['Moderately Busy', 'Moderately Busy', 'Moderately Busy', 'Moderately Busy', 'Not Busy']"
Esterinportti,"['Not Busy', 'Not Busy', 'Not Busy', 'Not Busy', 'Not Busy']"
Valimon asema,"['Moderately Busy', 'Moderately Busy', 'Moderately Busy', 'Moderately Busy', 'Not Busy']"
Huopalahden asema,"['Moderately Busy', 'Quite Busy', 'Quite Busy', 'Quite Busy', 'Moderately Busy']"
Pohjois-Haagan asema,"['Very Busy', 'Very Busy', 'Very Busy', 'Very Busy', 'Quite Busy']"
Pitäjänmäen asema,"['Moderately Busy', 'Moderately Busy', 'Moderately Busy', 'Moderately Busy', 'Moderately Busy']"
Kriikunakuja,"['Moderately Busy', 'Moderately Busy', 'Moderately Busy', 'Moderately Busy', 'Moderately Busy']"
Arielinkatu,"['Extremely Busy', 'Extremely Busy', 'Extremely Busy', 'Extremely Busy', 'Extremely Busy']"
Opastinsilta,"['Not Busy', 'Not Busy', 'Not Busy', 'Not Busy', 'Not Busy']"
Sörnäinen (M),"['Not Busy', 'Not Busy', 'Not Busy', 'Not Busy', 'Not Busy']"
Puotinkylän kartano,"['Quite Busy', 'Quite Busy', 'Quite Busy', 'Moderately Busy', 'Quite Busy']"
Leikosaarentie,"['Not Busy', 'Moderately Busy', 'Moderately Busy', 'Moderately Busy', 'Moderately Busy']"
Aurinkotuulenkatu,"['Not Busy', 'Moderately Busy', 'Moderately Busy', 'Moderately Busy', 'Not Busy']"
Vuosaaren puistopolku,"['Not Busy', 'Moderately Busy', 'Moderately Busy', 'Moderately Busy', 'Not Busy']"
Punakiventie,"['Moderately Busy', 'Moderately Busy', 'Moderately Busy', 'Moderately Busy', 'Not Busy']"
Aurinkolahdenaukio,"['Not Busy', 'Not Busy', 'Not Busy', 'Not Busy', 'Not Busy']"
Rastila (M),"['Moderately Busy', 'Moderately Busy', 'Moderately Busy', 'Moderately Busy', 'Moderately Busy']"
Kalkkihiekantie,"['Quite Busy', 'Quite Busy', 'Quite Busy', 'Quite Busy', 'Moderately Busy']"
Ulappasilta,"['Moderately Busy', 'Quite Busy', 'Quite Busy', 'Quite Busy', 'Moderately Busy']"
Mosaiikkitori,"['Moderately Busy', 'Moderately Busy', 'Moderately Busy', 'Quite Busy', 'Moderately Busy']"
Meri-Rastilan tori,"['Moderately Busy', 'Moderately Busy', 'Moderately Busy', 'Moderately Busy', 'Moderately Busy']"
Sumukuja,"['Moderately Busy', 'Moderately Busy', 'Moderately Busy', 'Moderately Busy', 'Moderately Busy']"
Koukkusaarentie,"['Moderately Busy', 'Moderately Busy', 'Quite Busy', 'Moderately Busy', 'Moderately Busy']"
Purjetie,"['Moderately Busy', 'Moderately Busy', 'Moderately Busy', 'Quite Busy', 'Moderately Busy']"
Ala-Malmin tori,"['Moderately Busy', 'Moderately Busy', 'Moderately Busy', 'Moderately Busy', 'Not Busy']"
Lokitie,"['Moderately Busy', 'Not Busy', 'Moderately Busy', 'Moderately Busy', 'Not Busy']"
Jollas,"['Not Busy', 'Quite Busy', 'Quite Busy', 'Quite Busy', 'Very Busy']"
Halkaisijantie,"['Moderately Busy', 'Moderately Busy', 'Not Busy', 'Moderately Busy', 'Moderately Busy']"
Ramsinniementie,"['Not Busy', 'Not Busy', 'Moderately Busy', 'Moderately Busy', 'Not Busy']"
Vuosaaren liikuntapuisto,"['Not Busy', 'Moderately Busy', 'Moderately Busy', 'Moderately Busy', 'Quite Busy']"
Haapasaarentie,"['Moderately Busy', 'Moderately Busy', 'Moderately Busy', 'Moderately Busy', 'Moderately Busy']"
Kauppakeskus Columbus,"['Moderately Busy', 'Moderately Busy', 'Moderately Busy', 'Moderately Busy', 'Moderately Busy']"
Kaivonkatsojanpuisto,"['Moderately Busy', 'Moderately Busy', 'Moderately Busy', 'Moderately Busy', 'Moderately Busy']"
Syystie,"['Moderately Busy', 'Moderately Busy', 'Moderately Busy', 'Moderately Busy', 'Moderately Busy']"
Tilketori,"['Moderately Busy', 'Quite Busy', 'Quite Busy', 'Quite Busy', 'Moderately Busy']"
Karviaistie,"['Moderately Busy', 'Not Busy', 'Not Busy', 'Not Busy', 'Moderately Busy']"
Rapakiventie,"['Moderately Busy', 'Moderately Busy', 'Moderately Busy', 'Moderately Busy', 'Moderately Busy']"
Malmin asema,"['Moderately Busy', 'Moderately Busy', 'Moderately Busy', 'Moderately Busy', 'Moderately Busy']"
Teerisuontie,"['Moderately Busy', 'Quite Busy', 'Quite Busy', 'Quite Busy', 'Moderately Busy']"
Väärämäentie,"['Moderately Busy', 'Not Busy', 'Not Busy', 'Not Busy', 'Moderately Busy']"
Helluntairaitti,"['Not Busy', 'Moderately Busy', 'Moderately Busy', 'Moderately Busy', 'Not Busy']"
Malmin sairaala,"['Not Busy', 'Not Busy', 'Moderately Busy', 'Not Busy', 'Not Busy']"
Kivikonlaita,"['Not Busy', 'Moderately Busy', 'Moderately Busy', 'Moderately Busy', 'Moderately Busy']"
Sinkilätie,"['Moderately Busy', 'Moderately Busy', 'Moderately Busy', 'Moderately Busy', 'Moderately Busy']"
Kivikonkaari,"['Not Busy', 'Moderately Busy', 'Very Busy', 'Moderately Busy', 'Moderately Busy']"
Paloheinän maja,"['Not Busy', 'Moderately Busy', 'Moderately Busy', 'Moderately Busy', 'Moderately Busy']"
Lallukankuja,"['Moderately Busy', 'Not Busy', 'Not Busy', 'Not Busy', 'Moderately Busy']"
Kontulankaari,"['Not Busy', 'Moderately Busy', 'Moderately Busy', 'Moderately Busy', 'Not Busy']"
Kontula (M),"['Moderately Busy', 'Moderately Busy', 'Quite Busy', 'Quite Busy', 'Moderately Busy']"
Paloheinäntie,"['Moderately Busy', 'Quite Busy', 'Quite Busy', 'Quite Busy', 'Moderately Busy']"
Sallatunturintie,"['Moderately Busy', 'Moderately Busy', 'Moderately Busy', 'Moderately Busy', 'Moderately Busy']"
Kurkimäentie,"['Not Busy', 'Moderately Busy', 'Moderately Busy', 'Quite Busy', 'Not Busy']"
Kurkimäki,"['Not Busy', 'Not Busy', 'Not Busy', 'Not Busy', 'Not Busy']"
Tuukkalantie,"['Moderately Busy', 'Not Busy', 'Not Busy', 'Not Busy', 'Moderately Busy']"
Varustuksentie,"['Not Busy', 'Quite Busy', 'Quite Busy', 'Quite Busy', 'Moderately Busy']"
Mellunmäki (M),"['Quite Busy', 'Quite Busy', 'Quite Busy', 'Moderately Busy', 'Moderately Busy']"
Vartioharjuntie,"['Not Busy', 'Moderately Busy', 'Moderately Busy', 'Moderately Busy', 'Not Busy']"
Lettopolku,"['Not Busy', 'Quite Busy', 'Not Busy', 'Quite Busy', 'Not Busy']"
Humikkalankuja,"['Moderately Busy', 'Moderately Busy', 'Moderately Busy', 'Moderately Busy', 'Moderately Busy']"
Kivikon liikuntapuisto,"['Moderately Busy', 'Not Busy', 'Quite Busy', 'Not Busy', 'Not Busy']"
Paloheinän kirjasto,"['Moderately Busy', 'Moderately Busy', 'Moderately Busy', 'Not Busy', 'Moderately Busy']"
Rukatunturintie,"['Moderately Busy', 'Moderately Busy', 'Moderately Busy', 'Moderately Busy', 'Moderately Busy']"
Torpparinmäentie,"['Moderately Busy', 'Moderately Busy', 'Moderately Busy', 'Moderately Busy', 'Moderately Busy']"
Siltamäki,"['Moderately Busy', 'Moderately Busy', 'Moderately Busy', 'Moderately Busy', 'Moderately Busy']"
Töyrynummi,"['Moderately Busy', 'Quite Busy', 'Quite Busy', 'Quite Busy', 'Not Busy']"
Puistolan asema,"['Quite Busy', 'Quite Busy', 'Quite Busy', 'Quite Busy', 'Moderately Busy']"
Maatullinkuja,"['Moderately Busy', 'Moderately Busy', 'Quite Busy', 'Moderately Busy', 'Moderately Busy']"
Laulurastaantie,"['Moderately Busy', 'Moderately Busy', 'Moderately Busy', 'Moderately Busy', 'Not Busy']"
Sateenkaarentie,"['Moderately Busy', 'Moderately Busy', 'Moderately Busy', 'Moderately Busy', 'Moderately Busy']"
Kotinummentie,"['Quite Busy', 'Quite Busy', 'Moderately Busy', 'Quite Busy', 'Quite Busy']"
Töyrynummentie,"['Not Busy', 'Moderately Busy', 'Moderately Busy', 'Moderately Busy', 'Moderately Busy']"
Huhtakuja,"['Moderately Busy', 'Quite Busy', 'Quite Busy', 'Quite Busy', 'Moderately Busy']"
Tapanilan asema,"['Moderately Busy', 'Quite Busy', 'Quite Busy', 'Quite Busy', 'Moderately Busy']"
Halmetie,"['Quite Busy', 'Very Busy', 'Very Busy', 'Very Busy', 'Not Busy']"
Vanha Tapanilantie,"['Moderately Busy', 'Moderately Busy', 'Moderately Busy', 'Moderately Busy', 'Moderately Busy']"
Saniaiskuja,"['Not Busy', 'Not Busy', 'Not Busy', 'Not Busy', 'Not Busy']"
Alppikylä,"['Moderately Busy', 'Moderately Busy', 'Moderately Busy', 'Moderately Busy', 'Moderately Busy']"
Puistolantori,"['Not Busy', 'Quite Busy', 'Quite Busy', 'Quite Busy', 'Quite Busy']"
Heikinlaakso,"['Quite Busy', 'Quite Busy', 'Quite Busy', 'Quite Busy', 'Quite Busy']"
Jakomäentie,"['Quite Busy', 'Quite Busy', 'Quite Busy', 'Quite Busy', 'Quite Busy']"
Jakomäki,"['Moderately Busy', 'Moderately Busy', 'Moderately Busy', 'Moderately Busy', 'Moderately Busy']"
Sompasaari,"['Quite Busy', 'Quite Busy', 'Quite Busy', 'Quite Busy', 'Quite Busy']"
Puistolan VPK,"['Not Busy', 'Moderately Busy', 'Moderately Busy', 'Moderately Busy', 'Not Busy']"
Verkkosaari,"['Moderately Busy', 'Moderately Busy', 'Moderately Busy', 'Quite Busy', 'Quite Busy']"
Ajomiehentie,"['Moderately Busy', 'Moderately Busy', 'Moderately Busy', 'Moderately Busy', 'Moderately Busy']"
Mikkolantie,"['Moderately Busy', 'Moderately Busy', 'Moderately Busy', 'Moderately Busy', 'Moderately Busy']"
Koivusaari (M),"['Moderately Busy', 'Moderately Busy', 'Moderately Busy', 'Moderately Busy', 'Moderately Busy']"
Lintumetsä,"['Moderately Busy', 'Moderately Busy', 'Moderately Busy', 'Moderately Busy', 'Moderately Busy']"
Bermudankuja,"['Moderately Busy', 'Quite Busy', 'Quite Busy', 'Quite Busy', 'Moderately Busy']"
Piikintie,"['Moderately Busy', 'Not Busy', 'Not Busy', 'Quite Busy', 'Quite Busy']"
Etupellonpuisto,"['Moderately Busy', 'Quite Busy', 'Very Busy', 'Very Busy', 'Quite Busy']"
Hankasuontie,"['Moderately Busy', 'Moderately Busy', 'Moderately Busy', 'Moderately Busy', 'Moderately Busy']"
Vähäntuvantie,"['Moderately Busy', 'Moderately Busy', 'Not Busy', 'Moderately Busy', 'Moderately Busy']"
Savela,"['Moderately Busy', 'Moderately Busy', 'Moderately Busy', 'Moderately Busy', 'Moderately Busy']"
Kuusisaari,"['Moderately Busy', 'Moderately Busy', 'Moderately Busy', 'Moderately Busy', 'Not Busy']"
Pukinmäen liikuntapuisto,"['Moderately Busy', 'Quite Busy', 'Quite Busy', 'Quite Busy', 'Moderately Busy']"
Karhusuontie,"['Quite Busy', 'Moderately Busy', 'Moderately Busy', 'Moderately Busy', 'Moderately Busy']"
Pukinmäen asema,"['Moderately Busy', 'Moderately Busy', 'Moderately Busy', 'Moderately Busy', 'Moderately Busy']"
Jokipellontie,"['Not Busy', 'Moderately Busy', 'Moderately Busy', 'Moderately Busy', 'Not Busy']"
Kuninkaantammi,"['Moderately Busy', 'Moderately Busy', 'Moderately Busy', 'Moderately Busy', 'Moderately Busy']"
Tuohipolku,"['Moderately Busy', 'Moderately Busy', 'Moderately Busy', 'Moderately Busy', 'Moderately Busy']"
Malminkartanon asema,"['Moderately Busy', 'Quite Busy', 'Quite Busy', 'Quite Busy', 'Moderately Busy']"
Kannelmäen asema,"['Quite Busy', 'Moderately Busy', 'Moderately Busy', 'Moderately Busy', 'Quite Busy']"
Kalannintie,"['Not Busy', 'Not Busy', 'Not Busy', 'Not Busy', 'Not Busy']"
Pajupillintie,"['Quite Busy', 'Quite Busy', 'Quite Busy', 'Quite Busy', 'Quite Busy']"
Kannelmäen liikuntapuisto,"['Moderately Busy', 'Moderately Busy', 'Moderately Busy', 'Moderately Busy', 'Moderately Busy']"
Kauppakeskus Kaari,"['Moderately Busy', 'Quite Busy', 'Moderately Busy', 'Quite Busy', 'Quite Busy']"
Viljelijäntie,"['Moderately Busy', 'Quite Busy', 'Quite Busy', 'Quite Busy', 'Quite Busy']"
Honkasuo,"['Moderately Busy', 'Quite Busy', 'Quite Busy', 'Quite Busy', 'Moderately Busy']"
Tollinpolku,"['Quite Busy', 'Quite Busy', 'Quite Busy', 'Quite Busy', 'Quite Busy']"
Trumpettikuja,"['Moderately Busy', 'Quite Busy', 'Quite Busy', 'Quite Busy', 'Quite Busy']"
Kaustisentie,"['Not Busy', 'Quite Busy', 'Moderately Busy', 'Moderately Busy', 'Not Busy']"
Maununneva,"['Not Busy', 'Not Busy', 'Moderately Busy', 'Not Busy', 'Not Busy']"
Pirkkolan liikuntapuisto,"['Moderately Busy', 'Very Busy', 'Very Busy', 'Very Busy', 'Moderately Busy']"
Malminkartanonhuippu,"['Moderately Busy', 'Not Busy', 'Not Busy', 'Not Busy', 'Moderately Busy']"
Hakuninmaa,"['Very Busy', 'Very Busy', 'Very Busy', 'Very Busy', 'Quite Busy']"
Hämeenlinnanväylä,"['Quite Busy', 'Quite Busy', 'Quite Busy', 'Quite Busy', 'Moderately Busy']"
