x,y,Prediction
25.0591030723076,60.2182457763173,"Mamsellimyllynkatu 
 26.10.2023: Quite Busy 
 27.10.2023: Quite Busy 
 28.10.2023: Quite Busy 
 29.10.2023: Very Busy 
 30.10.2023: Very Busy"
24.9676246411057,60.207840227695,"Intiankatu 
 26.10.2023: Not Busy 
 27.10.2023: Moderately Busy 
 28.10.2023: Not Busy 
 29.10.2023: Not Busy 
 30.10.2023: Moderately Busy"
24.9633904702172,60.1896359907606,"Mäkelänkatu 
 26.10.2023: Moderately Busy 
 27.10.2023: Moderately Busy 
 28.10.2023: Moderately Busy 
 29.10.2023: Moderately Busy 
 30.10.2023: Moderately Busy"
24.9397601000633,60.1706060919732,"Rautatientori / länsi 
 26.10.2023: Not Busy 
 27.10.2023: Not Busy 
 28.10.2023: Not Busy 
 29.10.2023: Not Busy 
 30.10.2023: Not Busy"
24.9328983153441,60.173956898526,"Kansallismuseo 
 26.10.2023: Not Busy 
 27.10.2023: Not Busy 
 28.10.2023: Not Busy 
 29.10.2023: Not Busy 
 30.10.2023: Not Busy"
24.78576,60.182976,"Koivu-Mankkaa 
 26.10.2023: Moderately Busy 
 27.10.2023: Moderately Busy 
 28.10.2023: Not Busy 
 29.10.2023: Moderately Busy 
 30.10.2023: Moderately Busy"
24.9225706207902,60.1641173724871,"Baana 
 26.10.2023: Moderately Busy 
 27.10.2023: Not Busy 
 28.10.2023: Not Busy 
 29.10.2023: Not Busy 
 30.10.2023: Moderately Busy"
25.0910915854205,60.2148242972699,"Puotila (M) 
 26.10.2023: Quite Busy 
 27.10.2023: Quite Busy 
 28.10.2023: Quite Busy 
 29.10.2023: Quite Busy 
 30.10.2023: Very Busy"
24.840319,60.16582,"Hanasaari 
 26.10.2023: Moderately Busy 
 27.10.2023: Not Busy 
 28.10.2023: Moderately Busy 
 29.10.2023: Moderately Busy 
 30.10.2023: Moderately Busy"
24.8899154000946,60.1611858173089,"Lauttasaarensilta 
 26.10.2023: Moderately Busy 
 27.10.2023: Moderately Busy 
 28.10.2023: Moderately Busy 
 29.10.2023: Moderately Busy 
 30.10.2023: Moderately Busy"
24.745666,60.172814,"Lystimäki 
 26.10.2023: Not Busy 
 27.10.2023: Not Busy 
 28.10.2023: Not Busy 
 29.10.2023: Not Busy 
 30.10.2023: Moderately Busy"
24.9249700522851,60.1791005171717,"Töölöntori 
 26.10.2023: Moderately Busy 
 27.10.2023: Moderately Busy 
 28.10.2023: Not Busy 
 29.10.2023: Not Busy 
 30.10.2023: Moderately Busy"
24.9282685568484,60.1741008716685,"Cygnaeuksenkatu 
 26.10.2023: Moderately Busy 
 27.10.2023: Moderately Busy 
 28.10.2023: Moderately Busy 
 29.10.2023: Moderately Busy 
 30.10.2023: Moderately Busy"
24.812271,60.223769,"Muurarinkuja 
 26.10.2023: Moderately Busy 
 27.10.2023: Moderately Busy 
 28.10.2023: Not Busy 
 29.10.2023: Not Busy 
 30.10.2023: Moderately Busy"
24.8861093999757,60.1498126916296,"Melkonkuja 
 26.10.2023: Not Busy 
 27.10.2023: Not Busy 
 28.10.2023: Not Busy 
 29.10.2023: Moderately Busy 
 30.10.2023: Moderately Busy"
24.9543597785941,60.2171787502601,"Pohjolanaukio 
 26.10.2023: Moderately Busy 
 27.10.2023: Moderately Busy 
 28.10.2023: Moderately Busy 
 29.10.2023: Moderately Busy 
 30.10.2023: Moderately Busy"
24.9145164996449,60.1635308918594,"Itämerentori 
 26.10.2023: Moderately Busy 
 27.10.2023: Not Busy 
 28.10.2023: Not Busy 
 29.10.2023: Not Busy 
 30.10.2023: Moderately Busy"
24.8947958642764,60.2253423108921,"Thalianaukio 
 26.10.2023: Quite Busy 
 27.10.2023: Quite Busy 
 28.10.2023: Quite Busy 
 29.10.2023: Quite Busy 
 30.10.2023: Very Busy"
24.8603118531172,60.1653590878524,"Luoteisväylä 
 26.10.2023: Moderately Busy 
 27.10.2023: Moderately Busy 
 28.10.2023: Moderately Busy 
 29.10.2023: Moderately Busy 
 30.10.2023: Moderately Busy"
25.0328574018929,60.2340530021105,"Agronominkatu 
 26.10.2023: Quite Busy 
 27.10.2023: Moderately Busy 
 28.10.2023: Moderately Busy 
 29.10.2023: Moderately Busy 
 30.10.2023: Quite Busy"
24.813954,60.234401,"Linnuntie 
 26.10.2023: Moderately Busy 
 27.10.2023: Moderately Busy 
 28.10.2023: Moderately Busy 
 29.10.2023: Moderately Busy 
 30.10.2023: Moderately Busy"
24.813871,60.228463,"Vallikatu 
 26.10.2023: Moderately Busy 
 27.10.2023: Moderately Busy 
 28.10.2023: Moderately Busy 
 29.10.2023: Moderately Busy 
 30.10.2023: Moderately Busy"
24.9642238002852,60.1920575919922,"Päijänteentie 
 26.10.2023: Not Busy 
 27.10.2023: Not Busy 
 28.10.2023: Not Busy 
 29.10.2023: Not Busy 
 30.10.2023: Not Busy"
24.731472,60.171548,"Auringonkatu 
 26.10.2023: Moderately Busy 
 27.10.2023: Moderately Busy 
 28.10.2023: Not Busy 
 29.10.2023: Moderately Busy 
 30.10.2023: Moderately Busy"
24.9755284752387,60.1679190540567,"Merisotilaantori 
 26.10.2023: Moderately Busy 
 27.10.2023: Moderately Busy 
 28.10.2023: Not Busy 
 29.10.2023: Not Busy 
 30.10.2023: Moderately Busy"
24.772708,60.166481,"Haukilahdenkatu 
 26.10.2023: Not Busy 
 27.10.2023: Not Busy 
 28.10.2023: Not Busy 
 29.10.2023: Not Busy 
 30.10.2023: Not Busy"
24.9676238234156,60.1985338962222,"Haukilahdenkatu 
 26.10.2023: Not Busy 
 27.10.2023: Not Busy 
 28.10.2023: Not Busy 
 29.10.2023: Not Busy 
 30.10.2023: Not Busy"
24.9283525094474,60.1775346191328,"Töölönkatu 
 26.10.2023: Moderately Busy 
 27.10.2023: Moderately Busy 
 28.10.2023: Not Busy 
 29.10.2023: Not Busy 
 30.10.2023: Moderately Busy"
24.8713963007609,60.1948357920888,"Torpanranta 
 26.10.2023: Not Busy 
 27.10.2023: Not Busy 
 28.10.2023: Moderately Busy 
 29.10.2023: Moderately Busy 
 30.10.2023: Moderately Busy"
25.0375268074421,60.209453145538,"Siilitie 9 
 26.10.2023: Moderately Busy 
 27.10.2023: Moderately Busy 
 28.10.2023: Moderately Busy 
 29.10.2023: Moderately Busy 
 30.10.2023: Moderately Busy"
24.9391145483706,60.1653538465664,"Vanha kirkkopuisto 
 26.10.2023: Not Busy 
 27.10.2023: Not Busy 
 28.10.2023: Not Busy 
 29.10.2023: Not Busy 
 30.10.2023: Not Busy"
24.9266869997467,60.182552891987,"Ooppera 
 26.10.2023: Not Busy 
 27.10.2023: Not Busy 
 28.10.2023: Not Busy 
 29.10.2023: Not Busy 
 30.10.2023: Moderately Busy"
24.9265784464228,60.1695846151592,"Leppäsuonaukio 
 26.10.2023: Moderately Busy 
 27.10.2023: Moderately Busy 
 28.10.2023: Moderately Busy 
 29.10.2023: Moderately Busy 
 30.10.2023: Moderately Busy"
24.8850653001728,60.1568169919509,"Heikkiläntie 
 26.10.2023: Moderately Busy 
 27.10.2023: Not Busy 
 28.10.2023: Not Busy 
 29.10.2023: Not Busy 
 30.10.2023: Moderately Busy"
24.9222198886664,60.2066264297482,"Ilmalan asema 
 26.10.2023: Moderately Busy 
 27.10.2023: Moderately Busy 
 28.10.2023: Not Busy 
 29.10.2023: Moderately Busy 
 30.10.2023: Moderately Busy"
24.9667185624345,60.2291001546027,"Oulunkylän asema 
 26.10.2023: Moderately Busy 
 27.10.2023: Moderately Busy 
 28.10.2023: Moderately Busy 
 29.10.2023: Moderately Busy 
 30.10.2023: Moderately Busy"
24.9417379007102,60.1634749245163,"Annankatu 
 26.10.2023: Not Busy 
 27.10.2023: Not Busy 
 28.10.2023: Not Busy 
 29.10.2023: Not Busy 
 30.10.2023: Moderately Busy"
24.797984,60.17875,"Ahertajantie 
 26.10.2023: Moderately Busy 
 27.10.2023: Moderately Busy 
 28.10.2023: Not Busy 
 29.10.2023: Not Busy 
 30.10.2023: Moderately Busy"
24.8812501991249,60.1506599919369,"Itälahdenkatu 
 26.10.2023: Not Busy 
 27.10.2023: Not Busy 
 28.10.2023: Not Busy 
 29.10.2023: Not Busy 
 30.10.2023: Not Busy"
24.9227415692015,60.1683228179992,"Marian sairaala 
 26.10.2023: Moderately Busy 
 27.10.2023: Moderately Busy 
 28.10.2023: Not Busy 
 29.10.2023: Not Busy 
 30.10.2023: Moderately Busy"
24.9525612440734,60.2244037765729,"Kylävoudintie 
 26.10.2023: Moderately Busy 
 27.10.2023: Moderately Busy 
 28.10.2023: Moderately Busy 
 29.10.2023: Moderately Busy 
 30.10.2023: Moderately Busy"
24.732688,60.165603,"Piispanportti 
 26.10.2023: Moderately Busy 
 27.10.2023: Moderately Busy 
 28.10.2023: Not Busy 
 29.10.2023: Not Busy 
 30.10.2023: Moderately Busy"
24.9182184498931,60.2050064264488,"Radiokatu 
 26.10.2023: Moderately Busy 
 27.10.2023: Moderately Busy 
 28.10.2023: Not Busy 
 29.10.2023: Not Busy 
 30.10.2023: Moderately Busy"
24.9286046557082,60.2390854029504,"Lepolantie 
 26.10.2023: Moderately Busy 
 27.10.2023: Quite Busy 
 28.10.2023: Moderately Busy 
 29.10.2023: Moderately Busy 
 30.10.2023: Moderately Busy"
24.9825269338023,60.1799061320186,"Korkeasaari 
 26.10.2023: Not Busy 
 27.10.2023: Not Busy 
 28.10.2023: Not Busy 
 29.10.2023: Not Busy 
 30.10.2023: Moderately Busy"
24.9332721002285,60.2014381920031,"Rautatieläisenkatu 
 26.10.2023: Moderately Busy 
 27.10.2023: Moderately Busy 
 28.10.2023: Moderately Busy 
 29.10.2023: Moderately Busy 
 30.10.2023: Quite Busy"
24.805758,60.168266,"Westendinasema 
 26.10.2023: Moderately Busy 
 27.10.2023: Not Busy 
 28.10.2023: Moderately Busy 
 29.10.2023: Moderately Busy 
 30.10.2023: Moderately Busy"
24.9417758006418,60.1609858921764,"Viiskulma 
 26.10.2023: Moderately Busy 
 27.10.2023: Moderately Busy 
 28.10.2023: Not Busy 
 29.10.2023: Not Busy 
 30.10.2023: Moderately Busy"
25.0474962642387,60.1677304952092,"Reiherintie 
 26.10.2023: Moderately Busy 
 27.10.2023: Moderately Busy 
 28.10.2023: Moderately Busy 
 29.10.2023: Moderately Busy 
 30.10.2023: Moderately Busy"
24.9425267992462,60.1708235917114,"Rautatientori / itä 
 26.10.2023: Not Busy 
 27.10.2023: Not Busy 
 28.10.2023: Not Busy 
 29.10.2023: Not Busy 
 30.10.2023: Moderately Busy"
24.8816602535719,60.2110752881999,"Vanha Viertotie 
 26.10.2023: Quite Busy 
 27.10.2023: Quite Busy 
 28.10.2023: Moderately Busy 
 29.10.2023: Moderately Busy 
 30.10.2023: Quite Busy"
24.9366415937527,60.1677057096398,"Eerikinkatu 
 26.10.2023: Not Busy 
 27.10.2023: Not Busy 
 28.10.2023: Not Busy 
 29.10.2023: Not Busy 
 30.10.2023: Not Busy"
24.952206700403,60.1895253157117,"Fleminginkatu 
 26.10.2023: Moderately Busy 
 27.10.2023: Moderately Busy 
 28.10.2023: Not Busy 
 29.10.2023: Not Busy 
 30.10.2023: Moderately Busy"
25.0654178214231,60.22354882948,"Orpaanporras 
 26.10.2023: Quite Busy 
 27.10.2023: Quite Busy 
 28.10.2023: Quite Busy 
 29.10.2023: Quite Busy 
 30.10.2023: Very Busy"
24.9535685411145,60.1652833427097,"Vanha Kauppahalli 
 26.10.2023: Not Busy 
 27.10.2023: Not Busy 
 28.10.2023: Not Busy 
 29.10.2023: Not Busy 
 30.10.2023: Not Busy"
25.0550878014734,60.2093671231044,"Roihupelto 
 26.10.2023: Very Busy 
 27.10.2023: Very Busy 
 28.10.2023: Quite Busy 
 29.10.2023: Quite Busy 
 30.10.2023: Very Busy"
24.9471504600595,60.1671998456303,"Eteläesplanadi 
 26.10.2023: Not Busy 
 27.10.2023: Not Busy 
 28.10.2023: Not Busy 
 29.10.2023: Not Busy 
 30.10.2023: Not Busy"
24.9214896008223,60.1619310923994,"Jätkäsaarenlaituri 
 26.10.2023: Moderately Busy 
 27.10.2023: Moderately Busy 
 28.10.2023: Moderately Busy 
 29.10.2023: Moderately Busy 
 30.10.2023: Quite Busy"
24.8686567195812,60.209690428765,"Teljäntie 
 26.10.2023: Moderately Busy 
 27.10.2023: Moderately Busy 
 28.10.2023: Moderately Busy 
 29.10.2023: Moderately Busy 
 30.10.2023: Moderately Busy"
24.957934116941,60.2332319429452,"Käskynhaltijantie 
 26.10.2023: Moderately Busy 
 27.10.2023: Quite Busy 
 28.10.2023: Moderately Busy 
 29.10.2023: Moderately Busy 
 30.10.2023: Moderately Busy"
24.738122,60.174914,"Itäportti 
 26.10.2023: Moderately Busy 
 27.10.2023: Not Busy 
 28.10.2023: Moderately Busy 
 29.10.2023: Moderately Busy 
 30.10.2023: Moderately Busy"
24.821932,60.216222,"Komentajankatu 
 26.10.2023: Not Busy 
 27.10.2023: Not Busy 
 28.10.2023: Not Busy 
 29.10.2023: Not Busy 
 30.10.2023: Moderately Busy"
24.805613,60.214193,"Säterinrinne 
 26.10.2023: Moderately Busy 
 27.10.2023: Moderately Busy 
 28.10.2023: Moderately Busy 
 29.10.2023: Moderately Busy 
 30.10.2023: Moderately Busy"
24.9886129703087,60.2242412608413,"Hernepellontie 
 26.10.2023: Moderately Busy 
 27.10.2023: Moderately Busy 
 28.10.2023: Moderately Busy 
 29.10.2023: Moderately Busy 
 30.10.2023: Quite Busy"
24.9346069826026,60.1700420279259,"Narinkka 
 26.10.2023: Not Busy 
 27.10.2023: Not Busy 
 28.10.2023: Not Busy 
 29.10.2023: Not Busy 
 30.10.2023: Not Busy"
24.9711566503401,60.1896945837642,"Teurastamo 
 26.10.2023: Not Busy 
 27.10.2023: Not Busy 
 28.10.2023: Not Busy 
 29.10.2023: Not Busy 
 30.10.2023: Moderately Busy"
24.8847643214706,60.1884345423222,"Seurasaari 
 26.10.2023: Moderately Busy 
 27.10.2023: Moderately Busy 
 28.10.2023: Quite Busy 
 29.10.2023: Quite Busy 
 30.10.2023: Moderately Busy"
25.0275940265593,60.2274649666156,"Viikin normaalikoulu 
 26.10.2023: Very Busy 
 27.10.2023: Very Busy 
 28.10.2023: Very Busy 
 29.10.2023: Very Busy 
 30.10.2023: Extremely Busy"
24.9366332542312,60.1964208157658,"Ratapihantie 
 26.10.2023: Not Busy 
 27.10.2023: Not Busy 
 28.10.2023: Not Busy 
 29.10.2023: Not Busy 
 30.10.2023: Not Busy"
24.9076704246974,60.1733331469852,"Hietaniemenkatu 
 26.10.2023: Moderately Busy 
 27.10.2023: Moderately Busy 
 28.10.2023: Moderately Busy 
 29.10.2023: Moderately Busy 
 30.10.2023: Quite Busy"
24.962063375375,60.1836809119419,"Lintulahdenkatu 
 26.10.2023: Not Busy 
 27.10.2023: Not Busy 
 28.10.2023: Not Busy 
 29.10.2023: Not Busy 
 30.10.2023: Moderately Busy"
24.9674668165293,60.1647464973781,"Mastokatu 
 26.10.2023: Moderately Busy 
 27.10.2023: Moderately Busy 
 28.10.2023: Not Busy 
 29.10.2023: Moderately Busy 
 30.10.2023: Moderately Busy"
24.9435409604638,60.1869040535812,"Diakoniapuisto 
 26.10.2023: Not Busy 
 27.10.2023: Not Busy 
 28.10.2023: Not Busy 
 29.10.2023: Not Busy 
 30.10.2023: Not Busy"
24.772636,60.16652,"Haukilahdensolmu 
 26.10.2023: Moderately Busy 
 27.10.2023: Moderately Busy 
 28.10.2023: Moderately Busy 
 29.10.2023: Moderately Busy 
 30.10.2023: Moderately Busy"
24.782477,60.1591405,"Toppelundintie 
 26.10.2023: Not Busy 
 27.10.2023: Not Busy 
 28.10.2023: Not Busy 
 29.10.2023: Moderately Busy 
 30.10.2023: Moderately Busy"
24.9204971353408,60.1893228039601,"Jäähalli 
 26.10.2023: Moderately Busy 
 27.10.2023: Moderately Busy 
 28.10.2023: Moderately Busy 
 29.10.2023: Moderately Busy 
 30.10.2023: Moderately Busy"
24.9588108000086,60.2139042918024,"Käpyläntie 
 26.10.2023: Moderately Busy 
 27.10.2023: Moderately Busy 
 28.10.2023: Moderately Busy 
 29.10.2023: Moderately Busy 
 30.10.2023: Moderately Busy"
24.9649692401006,60.2337172192606,"Siltavoudintie 
 26.10.2023: Moderately Busy 
 27.10.2023: Moderately Busy 
 28.10.2023: Moderately Busy 
 29.10.2023: Moderately Busy 
 30.10.2023: Moderately Busy"
24.775913,60.171127,"Niittymaa 
 26.10.2023: Moderately Busy 
 27.10.2023: Moderately Busy 
 28.10.2023: Moderately Busy 
 29.10.2023: Moderately Busy 
 30.10.2023: Moderately Busy"
25.0424582865295,60.1991534842401,"Asentajanpuisto 
 26.10.2023: Quite Busy 
 27.10.2023: Very Busy 
 28.10.2023: Quite Busy 
 29.10.2023: Moderately Busy 
 30.10.2023: Very Busy"
24.9203435489542,60.1568077714966,"Tyynenmerenkatu 
 26.10.2023: Moderately Busy 
 27.10.2023: Moderately Busy 
 28.10.2023: Not Busy 
 29.10.2023: Not Busy 
 30.10.2023: Moderately Busy"
24.831397,60.235089,"Painiitty 
 26.10.2023: Not Busy 
 27.10.2023: Not Busy 
 28.10.2023: Not Busy 
 29.10.2023: Not Busy 
 30.10.2023: Not Busy"
24.9526762998375,60.18428329212,"Karhupuisto 
 26.10.2023: Not Busy 
 27.10.2023: Not Busy 
 28.10.2023: Not Busy 
 29.10.2023: Not Busy 
 30.10.2023: Not Busy"
24.9592122677265,60.1552178275344,"Ehrenströmintie 
 26.10.2023: Not Busy 
 27.10.2023: Not Busy 
 28.10.2023: Not Busy 
 29.10.2023: Not Busy 
 30.10.2023: Not Busy"
24.9550767908172,60.1911804709255,"Gebhardinaukio 
 26.10.2023: Not Busy 
 27.10.2023: Not Busy 
 28.10.2023: Not Busy 
 29.10.2023: Not Busy 
 30.10.2023: Not Busy"
24.721367,60.162842,"Friisilänaukio 
 26.10.2023: Moderately Busy 
 27.10.2023: Moderately Busy 
 28.10.2023: Moderately Busy 
 29.10.2023: Moderately Busy 
 30.10.2023: Moderately Busy"
24.9032866466572,60.2219755272546,"Huovitie 
 26.10.2023: Very Busy 
 27.10.2023: Very Busy 
 28.10.2023: Quite Busy 
 29.10.2023: Quite Busy 
 30.10.2023: Very Busy"
25.0600755207072,60.2020741769704,"Tulisuontie 
 26.10.2023: Moderately Busy 
 27.10.2023: Moderately Busy 
 28.10.2023: Moderately Busy 
 29.10.2023: Moderately Busy 
 30.10.2023: Moderately Busy"
24.9522579797678,60.1780816347447,"Hakaniemi (M) 
 26.10.2023: Moderately Busy 
 27.10.2023: Not Busy 
 28.10.2023: Not Busy 
 29.10.2023: Not Busy 
 30.10.2023: Moderately Busy"
24.8765290693421,60.2159693222985,"Valimotie 
 26.10.2023: Moderately Busy 
 27.10.2023: Moderately Busy 
 28.10.2023: Not Busy 
 29.10.2023: Not Busy 
 30.10.2023: Moderately Busy"
24.760606,60.180848,"Olarinluoma 
 26.10.2023: Not Busy 
 27.10.2023: Not Busy 
 28.10.2023: Not Busy 
 29.10.2023: Not Busy 
 30.10.2023: Not Busy"
24.91325039954,60.1792966924742,"Kesäkatu 
 26.10.2023: Not Busy 
 27.10.2023: Not Busy 
 28.10.2023: Not Busy 
 29.10.2023: Not Busy 
 30.10.2023: Not Busy"
24.735969,60.167216,"Komeetankatu 
 26.10.2023: Moderately Busy 
 27.10.2023: Moderately Busy 
 28.10.2023: Moderately Busy 
 29.10.2023: Moderately Busy 
 30.10.2023: Moderately Busy"
24.9479499152249,60.2208033078251,"Käpylän asema 
 26.10.2023: Moderately Busy 
 27.10.2023: Moderately Busy 
 28.10.2023: Moderately Busy 
 29.10.2023: Moderately Busy 
 30.10.2023: Moderately Busy"
24.9415225602343,60.1941915204257,"Venttiilikuja 
 26.10.2023: Not Busy 
 27.10.2023: Not Busy 
 28.10.2023: Not Busy 
 29.10.2023: Not Busy 
 30.10.2023: Moderately Busy"
24.81422,60.185096,"Innopoli 
 26.10.2023: Not Busy 
 27.10.2023: Not Busy 
 28.10.2023: Not Busy 
 29.10.2023: Not Busy 
 30.10.2023: Not Busy"
24.811572,60.213443,"Säteri 
 26.10.2023: Not Busy 
 27.10.2023: Not Busy 
 28.10.2023: Not Busy 
 29.10.2023: Not Busy 
 30.10.2023: Moderately Busy"
24.831804,60.180027,"Betonimies 
 26.10.2023: Moderately Busy 
 27.10.2023: Moderately Busy 
 28.10.2023: Moderately Busy 
 29.10.2023: Moderately Busy 
 30.10.2023: Quite Busy"
24.9510226994024,60.1674572921424,"Unioninkatu 
 26.10.2023: Moderately Busy 
 27.10.2023: Moderately Busy 
 28.10.2023: Moderately Busy 
 29.10.2023: Moderately Busy 
 30.10.2023: Moderately Busy"
24.79139,60.173567,"Hakalehto 
 26.10.2023: Moderately Busy 
 27.10.2023: Moderately Busy 
 28.10.2023: Moderately Busy 
 29.10.2023: Moderately Busy 
 30.10.2023: Quite Busy"
24.9296476311878,60.1622283898112,"Hietalahdentori 
 26.10.2023: Not Busy 
 27.10.2023: Not Busy 
 28.10.2023: Not Busy 
 29.10.2023: Not Busy 
 30.10.2023: Not Busy"
24.840699,60.206142,"Gallen-Kallelan tie 
 26.10.2023: Moderately Busy 
 27.10.2023: Moderately Busy 
 28.10.2023: Moderately Busy 
 29.10.2023: Moderately Busy 
 30.10.2023: Not Busy"
24.9450181631667,60.1581769029949,"Kapteeninpuistikko 
 26.10.2023: Not Busy 
 27.10.2023: Not Busy 
 28.10.2023: Not Busy 
 29.10.2023: Not Busy 
 30.10.2023: Not Busy"
25.0336255327162,60.2045796219055,"Eränkävijäntori 
 26.10.2023: Moderately Busy 
 27.10.2023: Moderately Busy 
 28.10.2023: Moderately Busy 
 29.10.2023: Moderately Busy 
 30.10.2023: Moderately Busy"
25.0535809447117,60.1955233353498,"Porolahden koulu 
 26.10.2023: Moderately Busy 
 27.10.2023: Moderately Busy 
 28.10.2023: Moderately Busy 
 29.10.2023: Moderately Busy 
 30.10.2023: Moderately Busy"
24.9180102002596,60.1878351921237,"Messeniuksenkatu 
 26.10.2023: Moderately Busy 
 27.10.2023: Moderately Busy 
 28.10.2023: Not Busy 
 29.10.2023: Not Busy 
 30.10.2023: Moderately Busy"
24.763184,60.170758,"Niittykumpu (M) 
 26.10.2023: Moderately Busy 
 27.10.2023: Moderately Busy 
 28.10.2023: Moderately Busy 
 29.10.2023: Moderately Busy 
 30.10.2023: Moderately Busy"
25.0310806077186,60.1931499986426,"Petter Wetterin tie 
 26.10.2023: Moderately Busy 
 27.10.2023: Moderately Busy 
 28.10.2023: Moderately Busy 
 29.10.2023: Moderately Busy 
 30.10.2023: Quite Busy"
24.796136,60.168143,"Golfpolku 
 26.10.2023: Not Busy 
 27.10.2023: Not Busy 
 28.10.2023: Not Busy 
 29.10.2023: Moderately Busy 
 30.10.2023: Moderately Busy"
25.059863346683,60.2062943134753,"Prinsessantie 
 26.10.2023: Not Busy 
 27.10.2023: Not Busy 
 28.10.2023: Not Busy 
 29.10.2023: Not Busy 
 30.10.2023: Moderately Busy"
24.912893019047,60.1909233737999,"Töölöntulli 
 26.10.2023: Moderately Busy 
 27.10.2023: Moderately Busy 
 28.10.2023: Moderately Busy 
 29.10.2023: Moderately Busy 
 30.10.2023: Moderately Busy"
24.919883700552,60.1838636970684,"Korjaamo 
 26.10.2023: Not Busy 
 27.10.2023: Not Busy 
 28.10.2023: Not Busy 
 29.10.2023: Not Busy 
 30.10.2023: Moderately Busy"
24.767831,60.162477,"Hauenkallio 
 26.10.2023: Moderately Busy 
 27.10.2023: Moderately Busy 
 28.10.2023: Moderately Busy 
 29.10.2023: Moderately Busy 
 30.10.2023: Moderately Busy"
24.9546058093258,60.1958861886173,"Hollolantie 
 26.10.2023: Moderately Busy 
 27.10.2023: Not Busy 
 28.10.2023: Not Busy 
 29.10.2023: Not Busy 
 30.10.2023: Moderately Busy"
24.780478,60.188706,"Mankkaanlaaksontie 
 26.10.2023: Moderately Busy 
 27.10.2023: Moderately Busy 
 28.10.2023: Quite Busy 
 29.10.2023: Quite Busy 
 30.10.2023: Moderately Busy"
25.0585469211702,60.1987082869369,"Peukaloisentie 
 26.10.2023: Moderately Busy 
 27.10.2023: Moderately Busy 
 28.10.2023: Moderately Busy 
 29.10.2023: Moderately Busy 
 30.10.2023: Moderately Busy"
25.1004180257133,60.2090787864561,"Puotilantie 
 26.10.2023: Moderately Busy 
 27.10.2023: Moderately Busy 
 28.10.2023: Moderately Busy 
 29.10.2023: Moderately Busy 
 30.10.2023: Moderately Busy"
25.0824161004374,60.2125560259595,"Puotinharju 
 26.10.2023: Very Busy 
 27.10.2023: Very Busy 
 28.10.2023: Very Busy 
 29.10.2023: Very Busy 
 30.10.2023: Extremely Busy"
24.812419,60.217311,"Ratsutori 
 26.10.2023: Quite Busy 
 27.10.2023: Quite Busy 
 28.10.2023: Quite Busy 
 29.10.2023: Quite Busy 
 30.10.2023: Quite Busy"
25.0955595128971,60.2127005636951,"Puotilan ostoskeskus 
 26.10.2023: Quite Busy 
 27.10.2023: Quite Busy 
 28.10.2023: Quite Busy 
 29.10.2023: Quite Busy 
 30.10.2023: Quite Busy"
24.9110579020192,60.1831258058734,"Rajasaarentie 
 26.10.2023: Moderately Busy 
 27.10.2023: Moderately Busy 
 28.10.2023: Moderately Busy 
 29.10.2023: Moderately Busy 
 30.10.2023: Moderately Busy"
24.80493,60.203892,"Laajalahden keskus 
 26.10.2023: Moderately Busy 
 27.10.2023: Not Busy 
 28.10.2023: Moderately Busy 
 29.10.2023: Moderately Busy 
 30.10.2023: Moderately Busy"
24.9459599998806,60.16310319166,"Designmuseo 
 26.10.2023: Not Busy 
 27.10.2023: Not Busy 
 28.10.2023: Not Busy 
 29.10.2023: Not Busy 
 30.10.2023: Moderately Busy"
25.0289074357313,60.1946246004701,"Herttoniemi (M) 
 26.10.2023: Not Busy 
 27.10.2023: Not Busy 
 28.10.2023: Not Busy 
 29.10.2023: Not Busy 
 30.10.2023: Not Busy"
25.0867813029403,60.2090159546746,"Voikukantie 
 26.10.2023: Quite Busy 
 27.10.2023: Quite Busy 
 28.10.2023: Quite Busy 
 29.10.2023: Quite Busy 
 30.10.2023: Very Busy"
24.819396,60.216067,"Upseerinkatu 
 26.10.2023: Moderately Busy 
 27.10.2023: Moderately Busy 
 28.10.2023: Not Busy 
 29.10.2023: Not Busy 
 30.10.2023: Moderately Busy"
24.74663,60.161588,"Nelikkotie 
 26.10.2023: Not Busy 
 27.10.2023: Not Busy 
 28.10.2023: Not Busy 
 29.10.2023: Not Busy 
 30.10.2023: Moderately Busy"
24.90279681,60.161252848,"Kaapelitehdas 
 26.10.2023: Moderately Busy 
 27.10.2023: Moderately Busy 
 28.10.2023: Not Busy 
 29.10.2023: Not Busy 
 30.10.2023: Moderately Busy"
24.9526414004662,60.1691277919118,"Senaatintori 
 26.10.2023: Not Busy 
 27.10.2023: Not Busy 
 28.10.2023: Not Busy 
 29.10.2023: Not Busy 
 30.10.2023: Not Busy"
24.729112,60.153737,"Tiistinkallio 
 26.10.2023: Moderately Busy 
 27.10.2023: Moderately Busy 
 28.10.2023: Moderately Busy 
 29.10.2023: Moderately Busy 
 30.10.2023: Moderately Busy"
24.9054367957033,60.202377405156,"Tenholantie 
 26.10.2023: Moderately Busy 
 27.10.2023: Moderately Busy 
 28.10.2023: Not Busy 
 29.10.2023: Not Busy 
 30.10.2023: Moderately Busy"
24.9441887601673,60.1668948711694,"Erottajan aukio 
 26.10.2023: Moderately Busy 
 27.10.2023: Moderately Busy 
 28.10.2023: Moderately Busy 
 29.10.2023: Moderately Busy 
 30.10.2023: Quite Busy"
25.0772822325582,60.2198397844715,"Alakiventie 
 26.10.2023: Quite Busy 
 27.10.2023: Quite Busy 
 28.10.2023: Quite Busy 
 29.10.2023: Quite Busy 
 30.10.2023: Very Busy"
24.744978,60.155689,"Matinkyläntie 
 26.10.2023: Not Busy 
 27.10.2023: Not Busy 
 28.10.2023: Not Busy 
 29.10.2023: Not Busy 
 30.10.2023: Moderately Busy"
24.9437964005667,60.2134209918355,"Pohjolankatu 
 26.10.2023: Quite Busy 
 27.10.2023: Quite Busy 
 28.10.2023: Quite Busy 
 29.10.2023: Quite Busy 
 30.10.2023: Very Busy"
24.802049,60.175358,"Länsituuli 
 26.10.2023: Moderately Busy 
 27.10.2023: Moderately Busy 
 28.10.2023: Moderately Busy 
 29.10.2023: Moderately Busy 
 30.10.2023: Moderately Busy"
25.0759744433382,60.2096186210914,"Itäkeskus (M) 
 26.10.2023: Quite Busy 
 27.10.2023: Quite Busy 
 28.10.2023: Quite Busy 
 29.10.2023: Quite Busy 
 30.10.2023: Very Busy"
24.9613746997628,60.1741821916183,"Liisanpuistikko 
 26.10.2023: Moderately Busy 
 27.10.2023: Moderately Busy 
 28.10.2023: Moderately Busy 
 29.10.2023: Moderately Busy 
 30.10.2023: Moderately Busy"
25.0863443649103,60.2036199297435,"Marjaniemi 
 26.10.2023: Very Busy 
 27.10.2023: Quite Busy 
 28.10.2023: Very Busy 
 29.10.2023: Very Busy 
 30.10.2023: Extremely Busy"
24.9162412896547,60.1592963414953,"Välimerenkatu 
 26.10.2023: Quite Busy 
 27.10.2023: Quite Busy 
 28.10.2023: Quite Busy 
 29.10.2023: Quite Busy 
 30.10.2023: Quite Busy"
24.8556743832861,60.2188213176358,"Pajamäki 
 26.10.2023: Quite Busy 
 27.10.2023: Quite Busy 
 28.10.2023: Moderately Busy 
 29.10.2023: Moderately Busy 
 30.10.2023: Quite Busy"
24.752442,60.17471,"Lystimäensilta 
 26.10.2023: Quite Busy 
 27.10.2023: Moderately Busy 
 28.10.2023: Moderately Busy 
 29.10.2023: Moderately Busy 
 30.10.2023: Moderately Busy"
25.0426533906378,60.1927661994999,"Abraham Wetterin tie 
 26.10.2023: Moderately Busy 
 27.10.2023: Moderately Busy 
 28.10.2023: Moderately Busy 
 29.10.2023: Moderately Busy 
 30.10.2023: Moderately Busy"
24.9487523997729,60.1934740103444,"Teollisuuskatu 
 26.10.2023: Not Busy 
 27.10.2023: Not Busy 
 28.10.2023: Not Busy 
 29.10.2023: Not Busy 
 30.10.2023: Not Busy"
24.962843,60.195221,"Vallilan varikko 
 26.10.2023: Moderately Busy 
 27.10.2023: Moderately Busy 
 28.10.2023: Moderately Busy 
 29.10.2023: Moderately Busy 
 30.10.2023: Moderately Busy"
24.738416,60.162403,"Piispansilta 
 26.10.2023: Not Busy 
 27.10.2023: Not Busy 
 28.10.2023: Not Busy 
 29.10.2023: Not Busy 
 30.10.2023: Not Busy"
25.0058079125449,60.1858547331594,"Relanderinaukio 
 26.10.2023: Moderately Busy 
 27.10.2023: Moderately Busy 
 28.10.2023: Moderately Busy 
 29.10.2023: Moderately Busy 
 30.10.2023: Moderately Busy"
24.810974,60.178702,"Mäntyviita 
 26.10.2023: Moderately Busy 
 27.10.2023: Moderately Busy 
 28.10.2023: Moderately Busy 
 29.10.2023: Moderately Busy 
 30.10.2023: Moderately Busy"
24.9057885671904,60.1934470268502,"Jalavatie 
 26.10.2023: Moderately Busy 
 27.10.2023: Moderately Busy 
 28.10.2023: Moderately Busy 
 29.10.2023: Moderately Busy 
 30.10.2023: Moderately Busy"
24.9494728793816,60.165017172741,"Kasarmitori 
 26.10.2023: Not Busy 
 27.10.2023: Not Busy 
 28.10.2023: Not Busy 
 29.10.2023: Not Busy 
 30.10.2023: Moderately Busy"
24.724908,60.168971,"Avaruuskatu 
 26.10.2023: Not Busy 
 27.10.2023: Not Busy 
 28.10.2023: Not Busy 
 29.10.2023: Not Busy 
 30.10.2023: Not Busy"
24.756272,60.161138,"Hauenkalliontie 
 26.10.2023: Moderately Busy 
 27.10.2023: Moderately Busy 
 28.10.2023: Moderately Busy 
 29.10.2023: Not Busy 
 30.10.2023: Not Busy"
24.9554449266327,60.179750209022,"Näkinsilta 
 26.10.2023: Moderately Busy 
 27.10.2023: Moderately Busy 
 28.10.2023: Moderately Busy 
 29.10.2023: Moderately Busy 
 30.10.2023: Moderately Busy"
24.9508131529517,60.1867902883311,"Brahen kenttä 
 26.10.2023: Not Busy 
 27.10.2023: Not Busy 
 28.10.2023: Not Busy 
 29.10.2023: Not Busy 
 30.10.2023: Not Busy"
24.8992505554038,60.1975748220279,"Tilkanvierto 
 26.10.2023: Moderately Busy 
 27.10.2023: Moderately Busy 
 28.10.2023: Moderately Busy 
 29.10.2023: Moderately Busy 
 30.10.2023: Moderately Busy"
24.9266153826484,60.2279595153713,"Vesakkotie 
 26.10.2023: Quite Busy 
 27.10.2023: Quite Busy 
 28.10.2023: Moderately Busy 
 29.10.2023: Quite Busy 
 30.10.2023: Quite Busy"
24.8791652000743,60.1926665197597,"Saunalahdentie 
 26.10.2023: Moderately Busy 
 27.10.2023: Moderately Busy 
 28.10.2023: Moderately Busy 
 29.10.2023: Moderately Busy 
 30.10.2023: Moderately Busy"
24.790132,60.1637,"Linnakepolku 
 26.10.2023: Moderately Busy 
 27.10.2023: Moderately Busy 
 28.10.2023: Moderately Busy 
 29.10.2023: Moderately Busy 
 30.10.2023: Moderately Busy"
24.9394194995361,60.1690723919948,"Mannerheimintie 
 26.10.2023: Not Busy 
 27.10.2023: Not Busy 
 28.10.2023: Not Busy 
 29.10.2023: Not Busy 
 30.10.2023: Not Busy"
24.9620788508104,60.2055418168461,"A.I. Virtasen aukio 
 26.10.2023: Moderately Busy 
 27.10.2023: Moderately Busy 
 28.10.2023: Not Busy 
 29.10.2023: Not Busy 
 30.10.2023: Moderately Busy"
24.9603356197765,60.2285300629765,"Mäkitorpantie 
 26.10.2023: Extremely Busy 
 27.10.2023: Extremely Busy 
 28.10.2023: Very Busy 
 29.10.2023: Very Busy 
 30.10.2023: Extremely Busy"
24.769864,60.158048,"Haukilahdenranta 
 26.10.2023: Moderately Busy 
 27.10.2023: Moderately Busy 
 28.10.2023: Moderately Busy 
 29.10.2023: Not Busy 
 30.10.2023: Moderately Busy"
24.946677279,60.207839984,"Koskelantie 
 26.10.2023: Not Busy 
 27.10.2023: Not Busy 
 28.10.2023: Not Busy 
 29.10.2023: Not Busy 
 30.10.2023: Moderately Busy"
24.775882,60.162396,"Haukilahdenaukio 
 26.10.2023: Moderately Busy 
 27.10.2023: Moderately Busy 
 28.10.2023: Not Busy 
 29.10.2023: Not Busy 
 30.10.2023: Moderately Busy"
24.806152,60.186731,"Metsänneidonpolku 
 26.10.2023: Not Busy 
 27.10.2023: Not Busy 
 28.10.2023: Not Busy 
 29.10.2023: Not Busy 
 30.10.2023: Not Busy"
24.810688,60.173424,"Sateentie 
 26.10.2023: Moderately Busy 
 27.10.2023: Moderately Busy 
 28.10.2023: Moderately Busy 
 29.10.2023: Moderately Busy 
 30.10.2023: Moderately Busy"
24.9781389181685,60.2317840575086,"Otto Brandtin tie 
 26.10.2023: Very Busy 
 27.10.2023: Very Busy 
 28.10.2023: Very Busy 
 29.10.2023: Very Busy 
 30.10.2023: Extremely Busy"
24.741234,60.152343,"Sepetlahdentie 
 26.10.2023: Not Busy 
 27.10.2023: Not Busy 
 28.10.2023: Not Busy 
 29.10.2023: Not Busy 
 30.10.2023: Not Busy"
24.9172924251712,60.1852461094041,"Nordenskiöldinaukio 
 26.10.2023: Moderately Busy 
 27.10.2023: Moderately Busy 
 28.10.2023: Moderately Busy 
 29.10.2023: Moderately Busy 
 30.10.2023: Moderately Busy"
25.0322254160118,60.1984720937284,"Herttoniemen kirkko 
 26.10.2023: Moderately Busy 
 27.10.2023: Moderately Busy 
 28.10.2023: Moderately Busy 
 29.10.2023: Moderately Busy 
 30.10.2023: Moderately Busy"
24.794014,60.18288,"Pohjankulma 
 26.10.2023: Moderately Busy 
 27.10.2023: Moderately Busy 
 28.10.2023: Moderately Busy 
 29.10.2023: Moderately Busy 
 30.10.2023: Moderately Busy"
25.0436178847114,60.2303443513437,"Von Daehnin katu 
 26.10.2023: Quite Busy 
 27.10.2023: Quite Busy 
 28.10.2023: Quite Busy 
 29.10.2023: Moderately Busy 
 30.10.2023: Quite Busy"
24.949399999845,60.1808629918822,"Ympyrätalo 
 26.10.2023: Moderately Busy 
 27.10.2023: Not Busy 
 28.10.2023: Not Busy 
 29.10.2023: Not Busy 
 30.10.2023: Moderately Busy"
25.0153289779219,60.1878871226314,"Tupasaarentie 
 26.10.2023: Quite Busy 
 27.10.2023: Quite Busy 
 28.10.2023: Quite Busy 
 29.10.2023: Quite Busy 
 30.10.2023: Quite Busy"
24.9445685112105,60.1830009926511,"Toinen linja 
 26.10.2023: Moderately Busy 
 27.10.2023: Moderately Busy 
 28.10.2023: Moderately Busy 
 29.10.2023: Moderately Busy 
 30.10.2023: Moderately Busy"
24.833536,60.220551,"Kalkkipellonmäki 
 26.10.2023: Moderately Busy 
 27.10.2023: Moderately Busy 
 28.10.2023: Moderately Busy 
 29.10.2023: Moderately Busy 
 30.10.2023: Quite Busy"
25.0530603555751,60.1837062881609,"Humalniementie 
 26.10.2023: Quite Busy 
 27.10.2023: Quite Busy 
 28.10.2023: Quite Busy 
 29.10.2023: Quite Busy 
 30.10.2023: Quite Busy"
24.826368,60.215751,"Kirjurinkuja 
 26.10.2023: Moderately Busy 
 27.10.2023: Moderately Busy 
 28.10.2023: Moderately Busy 
 29.10.2023: Moderately Busy 
 30.10.2023: Moderately Busy"
24.792559,60.175769,"Oravannahkatori 
 26.10.2023: Not Busy 
 27.10.2023: Not Busy 
 28.10.2023: Not Busy 
 29.10.2023: Not Busy 
 30.10.2023: Not Busy"
24.813109,60.221019,"Läkkitori 
 26.10.2023: Moderately Busy 
 27.10.2023: Moderately Busy 
 28.10.2023: Moderately Busy 
 29.10.2023: Moderately Busy 
 30.10.2023: Moderately Busy"
24.9565097715858,60.1609890692806,"Laivasillankatu 
 26.10.2023: Not Busy 
 27.10.2023: Not Busy 
 28.10.2023: Not Busy 
 29.10.2023: Not Busy 
 30.10.2023: Not Busy"
24.9513635992833,60.2032720921502,"Sofianlehdonkatu 
 26.10.2023: Moderately Busy 
 27.10.2023: Moderately Busy 
 28.10.2023: Not Busy 
 29.10.2023: Not Busy 
 30.10.2023: Moderately Busy"
24.824954,60.210735,"Majurinkulma 
 26.10.2023: Moderately Busy 
 27.10.2023: Moderately Busy 
 28.10.2023: Not Busy 
 29.10.2023: Not Busy 
 30.10.2023: Moderately Busy"
24.9340656851355,60.160087584362,"Perämiehenkatu 
 26.10.2023: Moderately Busy 
 27.10.2023: Moderately Busy 
 28.10.2023: Not Busy 
 29.10.2023: Not Busy 
 30.10.2023: Moderately Busy"
24.9325030021006,60.2303828796011,"Maunula 
 26.10.2023: Moderately Busy 
 27.10.2023: Moderately Busy 
 28.10.2023: Moderately Busy 
 29.10.2023: Moderately Busy 
 30.10.2023: Quite Busy"
24.977153892421,60.1875308427268,"Kalasatama (M) 
 26.10.2023: Not Busy 
 27.10.2023: Not Busy 
 28.10.2023: Not Busy 
 29.10.2023: Not Busy 
 30.10.2023: Not Busy"
24.9441912064593,60.2010022969661,"Velodrominrinne 
 26.10.2023: Moderately Busy 
 27.10.2023: Moderately Busy 
 28.10.2023: Not Busy 
 29.10.2023: Not Busy 
 30.10.2023: Moderately Busy"
24.807083,60.189143,"Tietäjä 
 26.10.2023: Not Busy 
 27.10.2023: Not Busy 
 28.10.2023: Not Busy 
 29.10.2023: Not Busy 
 30.10.2023: Not Busy"
24.9797491905267,60.2136895158892,"Verkatehtaanpuisto 
 26.10.2023: Moderately Busy 
 27.10.2023: Moderately Busy 
 28.10.2023: Moderately Busy 
 29.10.2023: Moderately Busy 
 30.10.2023: Moderately Busy"
24.835356,60.209017,"Derby Business Park 
 26.10.2023: Very Busy 
 27.10.2023: Very Busy 
 28.10.2023: Moderately Busy 
 29.10.2023: Moderately Busy 
 30.10.2023: Quite Busy"
25.0330122371046,60.1719938510831,"Gunillantie 
 26.10.2023: Moderately Busy 
 27.10.2023: Moderately Busy 
 28.10.2023: Moderately Busy 
 29.10.2023: Moderately Busy 
 30.10.2023: Moderately Busy"
24.9314215703651,60.1656801793916,"Kalevankatu 
 26.10.2023: Moderately Busy 
 27.10.2023: Moderately Busy 
 28.10.2023: Not Busy 
 29.10.2023: Not Busy 
 30.10.2023: Moderately Busy"
24.803942,60.177588,"Kulttuuriaukio 
 26.10.2023: Moderately Busy 
 27.10.2023: Moderately Busy 
 28.10.2023: Moderately Busy 
 29.10.2023: Moderately Busy 
 30.10.2023: Moderately Busy"
24.9559903941467,60.1882073042861,"Kustaankatu 
 26.10.2023: Moderately Busy 
 27.10.2023: Moderately Busy 
 28.10.2023: Quite Busy 
 29.10.2023: Quite Busy 
 30.10.2023: Quite Busy"
24.9555218601895,60.1710906797301,"Ritarikatu 
 26.10.2023: Not Busy 
 27.10.2023: Not Busy 
 28.10.2023: Not Busy 
 29.10.2023: Not Busy 
 30.10.2023: Not Busy"
24.791754,60.158194,"Westendintie 
 26.10.2023: Moderately Busy 
 27.10.2023: Moderately Busy 
 28.10.2023: Quite Busy 
 29.10.2023: Quite Busy 
 30.10.2023: Moderately Busy"
24.9476290451587,60.1962195625714,"Elimäenkatu 
 26.10.2023: Not Busy 
 27.10.2023: Not Busy 
 28.10.2023: Not Busy 
 29.10.2023: Not Busy 
 30.10.2023: Not Busy"
25.0438403800837,60.2150936967815,"Siilitie 13 
 26.10.2023: Moderately Busy 
 27.10.2023: Moderately Busy 
 28.10.2023: Moderately Busy 
 29.10.2023: Moderately Busy 
 30.10.2023: Moderately Busy"
25.0657818190343,60.2114607347613,"Itäkeskus Metrovarikko 
 26.10.2023: Very Busy 
 27.10.2023: Very Busy 
 28.10.2023: Quite Busy 
 29.10.2023: Quite Busy 
 30.10.2023: Very Busy"
24.9096920006591,60.158927591706,"Länsisatamankatu 
 26.10.2023: Moderately Busy 
 27.10.2023: Moderately Busy 
 28.10.2023: Moderately Busy 
 29.10.2023: Moderately Busy 
 30.10.2023: Moderately Busy"
24.9481257001872,60.1896657985504,"Brahen puistikko 
 26.10.2023: Moderately Busy 
 27.10.2023: Moderately Busy 
 28.10.2023: Moderately Busy 
 29.10.2023: Moderately Busy 
 30.10.2023: Moderately Busy"
24.9368050446952,60.1618574790512,"Albertinkatu 
 26.10.2023: Moderately Busy 
 27.10.2023: Moderately Busy 
 28.10.2023: Moderately Busy 
 29.10.2023: Moderately Busy 
 30.10.2023: Moderately Busy"
24.779428,60.17465,"Urheilupuisto (M) 
 26.10.2023: Moderately Busy 
 27.10.2023: Moderately Busy 
 28.10.2023: Not Busy 
 29.10.2023: Moderately Busy 
 30.10.2023: Moderately Busy"
24.9502114714031,60.155369615074,"Kaivopuisto 
 26.10.2023: Moderately Busy 
 27.10.2023: Moderately Busy 
 28.10.2023: Moderately Busy 
 29.10.2023: Quite Busy 
 30.10.2023: Quite Busy"
24.83939,60.220467,"Mäkkylän asema 
 26.10.2023: Moderately Busy 
 27.10.2023: Moderately Busy 
 28.10.2023: Moderately Busy 
 29.10.2023: Moderately Busy 
 30.10.2023: Quite Busy"
24.9770790121958,60.2064915569171,"Arabiankatu 
 26.10.2023: Moderately Busy 
 27.10.2023: Moderately Busy 
 28.10.2023: Not Busy 
 29.10.2023: Not Busy 
 30.10.2023: Moderately Busy"
24.819549,60.212508,"Yhdyskunnankuja 
 26.10.2023: Moderately Busy 
 27.10.2023: Moderately Busy 
 28.10.2023: Moderately Busy 
 29.10.2023: Moderately Busy 
 30.10.2023: Moderately Busy"
25.0208609553502,60.1688685506822,"Haakoninlahdenkatu 
 26.10.2023: Moderately Busy 
 27.10.2023: Moderately Busy 
 28.10.2023: Very Busy 
 29.10.2023: Very Busy 
 30.10.2023: Quite Busy"
24.8708784784714,60.2038687140902,"Ulvilantie 
 26.10.2023: Moderately Busy 
 27.10.2023: Moderately Busy 
 28.10.2023: Moderately Busy 
 29.10.2023: Moderately Busy 
 30.10.2023: Moderately Busy"
24.813437,60.220254,"Leppävaarankäytävä 
 26.10.2023: Quite Busy 
 27.10.2023: Moderately Busy 
 28.10.2023: Moderately Busy 
 29.10.2023: Moderately Busy 
 30.10.2023: Quite Busy"
24.924961245284,60.1844935075188,"Olympiastadion 
 26.10.2023: Moderately Busy 
 27.10.2023: Moderately Busy 
 28.10.2023: Moderately Busy 
 29.10.2023: Moderately Busy 
 30.10.2023: Moderately Busy"
24.9797040460124,60.2097104145027,"Muotoilijankatu 
 26.10.2023: Extremely Busy 
 27.10.2023: Extremely Busy 
 28.10.2023: Very Busy 
 29.10.2023: Very Busy 
 30.10.2023: Extremely Busy"
24.8231,60.203852,"Elfvik 
 26.10.2023: Moderately Busy 
 27.10.2023: Moderately Busy 
 28.10.2023: Quite Busy 
 29.10.2023: Quite Busy 
 30.10.2023: Moderately Busy"
24.806279,60.217261,"Rummunlyöjänkatu 
 26.10.2023: Moderately Busy 
 27.10.2023: Moderately Busy 
 28.10.2023: Moderately Busy 
 29.10.2023: Moderately Busy 
 30.10.2023: Quite Busy"
24.800486,60.214666,"Säterinniitty 
 26.10.2023: Moderately Busy 
 27.10.2023: Moderately Busy 
 28.10.2023: Moderately Busy 
 29.10.2023: Moderately Busy 
 30.10.2023: Quite Busy"
24.9493081473109,60.1696567475916,"Porthania 
 26.10.2023: Not Busy 
 27.10.2023: Not Busy 
 28.10.2023: Not Busy 
 29.10.2023: Not Busy 
 30.10.2023: Not Busy"
24.9664522586218,60.2185249019981,"Juhana Herttuan tie 
 26.10.2023: Moderately Busy 
 27.10.2023: Moderately Busy 
 28.10.2023: Moderately Busy 
 29.10.2023: Moderately Busy 
 30.10.2023: Moderately Busy"
25.0103139042596,60.2345785634218,"Pihlajamäki 
 26.10.2023: Moderately Busy 
 27.10.2023: Moderately Busy 
 28.10.2023: Moderately Busy 
 29.10.2023: Moderately Busy 
 30.10.2023: Moderately Busy"
24.9311978237832,60.1535144787873,"Hernesaarenranta 
 26.10.2023: Moderately Busy 
 27.10.2023: Moderately Busy 
 28.10.2023: Moderately Busy 
 29.10.2023: Quite Busy 
 30.10.2023: Quite Busy"
24.806051,60.174144,"Tuulimäki 
 26.10.2023: Moderately Busy 
 27.10.2023: Moderately Busy 
 28.10.2023: Moderately Busy 
 29.10.2023: Moderately Busy 
 30.10.2023: Moderately Busy"
24.752489,60.156258,"Matinkartanontie 
 26.10.2023: Moderately Busy 
 27.10.2023: Moderately Busy 
 28.10.2023: Not Busy 
 29.10.2023: Moderately Busy 
 30.10.2023: Moderately Busy"
24.9123717007068,60.1883090916703,"Stenbäckinkatu 
 26.10.2023: Moderately Busy 
 27.10.2023: Moderately Busy 
 28.10.2023: Not Busy 
 29.10.2023: Not Busy 
 30.10.2023: Moderately Busy"
24.9494967766807,60.1730909028646,"Varsapuistikko 
 26.10.2023: Not Busy 
 27.10.2023: Not Busy 
 28.10.2023: Not Busy 
 29.10.2023: Not Busy 
 30.10.2023: Not Busy"
24.8986678907757,60.2076799515229,"Ruskeasuon varikko 
 26.10.2023: Moderately Busy 
 27.10.2023: Moderately Busy 
 28.10.2023: Moderately Busy 
 29.10.2023: Moderately Busy 
 30.10.2023: Quite Busy"
24.879315899385,60.1540762917607,"Heikkilänaukio 
 26.10.2023: Moderately Busy 
 27.10.2023: Not Busy 
 28.10.2023: Not Busy 
 29.10.2023: Not Busy 
 30.10.2023: Moderately Busy"
24.9844208812225,60.2172068185826,"Katariina Saksilaisen katu 
 26.10.2023: Moderately Busy 
 27.10.2023: Moderately Busy 
 28.10.2023: Moderately Busy 
 29.10.2023: Moderately Busy 
 30.10.2023: Moderately Busy"
24.8828103623042,60.1604153459526,"Lauttasaaren ostoskeskus 
 26.10.2023: Moderately Busy 
 27.10.2023: Moderately Busy 
 28.10.2023: Moderately Busy 
 29.10.2023: Moderately Busy 
 30.10.2023: Moderately Busy"
24.769021,60.194599,"Mankkaanaukio 
 26.10.2023: Moderately Busy 
 27.10.2023: Moderately Busy 
 28.10.2023: Moderately Busy 
 29.10.2023: Moderately Busy 
 30.10.2023: Moderately Busy"
24.9270362659605,60.1657993006509,"Lastenlehto 
 26.10.2023: Moderately Busy 
 27.10.2023: Moderately Busy 
 28.10.2023: Moderately Busy 
 29.10.2023: Moderately Busy 
 30.10.2023: Moderately Busy"
24.9614401060515,60.1974798068335,"Paavalinpuisto 
 26.10.2023: Moderately Busy 
 27.10.2023: Moderately Busy 
 28.10.2023: Moderately Busy 
 29.10.2023: Moderately Busy 
 30.10.2023: Moderately Busy"
24.8694297861453,60.1570959878378,"Kuikkarinne 
 26.10.2023: Not Busy 
 27.10.2023: Not Busy 
 28.10.2023: Not Busy 
 29.10.2023: Not Busy 
 30.10.2023: Moderately Busy"
24.898929699376,60.2034734922503,"Korppaanmäentie 
 26.10.2023: Not Busy 
 27.10.2023: Not Busy 
 28.10.2023: Not Busy 
 29.10.2023: Not Busy 
 30.10.2023: Moderately Busy"
24.8911179001253,60.1944474917836,"Paciuksenkaari 
 26.10.2023: Moderately Busy 
 27.10.2023: Moderately Busy 
 28.10.2023: Moderately Busy 
 29.10.2023: Moderately Busy 
 30.10.2023: Moderately Busy"
24.9224632983339,60.1760927790452,"Apollonkatu 
 26.10.2023: Moderately Busy 
 27.10.2023: Not Busy 
 28.10.2023: Not Busy 
 29.10.2023: Not Busy 
 30.10.2023: Moderately Busy"
24.9433556359399,60.1732349001278,"Kaisaniemenpuisto 
 26.10.2023: Not Busy 
 27.10.2023: Not Busy 
 28.10.2023: Not Busy 
 29.10.2023: Not Busy 
 30.10.2023: Not Busy"
24.820099,60.184987,"Aalto-yliopisto (M), Tietotie 
 26.10.2023: Not Busy 
 27.10.2023: Not Busy 
 28.10.2023: Not Busy 
 29.10.2023: Not Busy 
 30.10.2023: Not Busy"
24.932799079033,60.1982108580315,"Pasilan asema 
 26.10.2023: Moderately Busy 
 27.10.2023: Moderately Busy 
 28.10.2023: Moderately Busy 
 29.10.2023: Moderately Busy 
 30.10.2023: Moderately Busy"
24.9393079129956,60.1721906837527,"Töölönlahdenkatu 
 26.10.2023: Not Busy 
 27.10.2023: Not Busy 
 28.10.2023: Not Busy 
 29.10.2023: Not Busy 
 30.10.2023: Not Busy"
24.923839759,60.171202903,"Kauppakorkeakoulu 
 26.10.2023: Not Busy 
 27.10.2023: Not Busy 
 28.10.2023: Not Busy 
 29.10.2023: Not Busy 
 30.10.2023: Not Busy"
24.829985,60.188499,"Sähkömies 
 26.10.2023: Moderately Busy 
 27.10.2023: Moderately Busy 
 28.10.2023: Not Busy 
 29.10.2023: Not Busy 
 30.10.2023: Moderately Busy"
24.826396,60.223827,"Postipuun koulu 
 26.10.2023: Moderately Busy 
 27.10.2023: Moderately Busy 
 28.10.2023: Not Busy 
 29.10.2023: Not Busy 
 30.10.2023: Moderately Busy"
24.8933660254613,60.2027828953059,"Tilkantori 
 26.10.2023: Moderately Busy 
 27.10.2023: Moderately Busy 
 28.10.2023: Moderately Busy 
 29.10.2023: Moderately Busy 
 30.10.2023: Moderately Busy"
24.9374279000749,60.1712578922641,"Kiasma 
 26.10.2023: Not Busy 
 27.10.2023: Not Busy 
 28.10.2023: Not Busy 
 29.10.2023: Not Busy 
 30.10.2023: Not Busy"
24.824747,60.180806,"Tekniikantie 
 26.10.2023: Moderately Busy 
 27.10.2023: Moderately Busy 
 28.10.2023: Not Busy 
 29.10.2023: Not Busy 
 30.10.2023: Moderately Busy"
25.0313242435422,60.1879616899796,"Laivalahden puistotie 
 26.10.2023: Moderately Busy 
 27.10.2023: Moderately Busy 
 28.10.2023: Moderately Busy 
 29.10.2023: Moderately Busy 
 30.10.2023: Moderately Busy"
24.726025,60.172673,"Kuunkatu 
 26.10.2023: Not Busy 
 27.10.2023: Not Busy 
 28.10.2023: Not Busy 
 29.10.2023: Not Busy 
 30.10.2023: Moderately Busy"
24.9350784201451,60.1748578219656,"Töölönlahden puisto 
 26.10.2023: Moderately Busy 
 27.10.2023: Moderately Busy 
 28.10.2023: Moderately Busy 
 29.10.2023: Moderately Busy 
 30.10.2023: Moderately Busy"
24.9155261617436,60.1755926611589,"Eteläinen Hesperiankatu 
 26.10.2023: Moderately Busy 
 27.10.2023: Moderately Busy 
 28.10.2023: Moderately Busy 
 29.10.2023: Moderately Busy 
 30.10.2023: Moderately Busy"
24.820635,60.223377,"Ruutikatu 
 26.10.2023: Moderately Busy 
 27.10.2023: Moderately Busy 
 28.10.2023: Moderately Busy 
 29.10.2023: Not Busy 
 30.10.2023: Moderately Busy"
24.9817926053222,60.1826518123339,"Isoisänsilta 
 26.10.2023: Not Busy 
 27.10.2023: Not Busy 
 28.10.2023: Moderately Busy 
 29.10.2023: Moderately Busy 
 30.10.2023: Moderately Busy"
24.835132,60.178762,"Keilaranta 
 26.10.2023: Not Busy 
 27.10.2023: Not Busy 
 28.10.2023: Not Busy 
 29.10.2023: Not Busy 
 30.10.2023: Not Busy"
24.8766657996794,60.1583841916575,"Gyldenintie 
 26.10.2023: Not Busy 
 27.10.2023: Not Busy 
 28.10.2023: Not Busy 
 29.10.2023: Not Busy 
 30.10.2023: Not Busy"
24.9985804201601,60.2302596315427,"Aulangontie 
 26.10.2023: Moderately Busy 
 27.10.2023: Quite Busy 
 28.10.2023: Moderately Busy 
 29.10.2023: Quite Busy 
 30.10.2023: Quite Busy"
24.9292125301786,60.1892523422817,"Uimastadion 
 26.10.2023: Not Busy 
 27.10.2023: Not Busy 
 28.10.2023: Not Busy 
 29.10.2023: Not Busy 
 30.10.2023: Moderately Busy"
24.826671,60.184312,"Aalto-yliopisto (M), Korkeakouluaukio 
 26.10.2023: Moderately Busy 
 27.10.2023: Not Busy 
 28.10.2023: Not Busy 
 29.10.2023: Not Busy 
 30.10.2023: Moderately Busy"
24.9584922784237,60.1684959040351,"Kanavaranta 
 26.10.2023: Not Busy 
 27.10.2023: Not Busy 
 28.10.2023: Not Busy 
 29.10.2023: Not Busy 
 30.10.2023: Moderately Busy"
24.827467,60.171524,"Keilalahti 
 26.10.2023: Not Busy 
 27.10.2023: Not Busy 
 28.10.2023: Not Busy 
 29.10.2023: Not Busy 
 30.10.2023: Not Busy"
25.0100484016428,60.2275394155784,"Viikin tiedepuisto 
 26.10.2023: Moderately Busy 
 27.10.2023: Moderately Busy 
 28.10.2023: Moderately Busy 
 29.10.2023: Moderately Busy 
 30.10.2023: Quite Busy"
24.9585285446676,60.1780749105533,"Merihaka 
 26.10.2023: Moderately Busy 
 27.10.2023: Moderately Busy 
 28.10.2023: Moderately Busy 
 29.10.2023: Moderately Busy 
 30.10.2023: Moderately Busy"
24.9579782365195,60.1942276026523,"Pernajantie 
 26.10.2023: Not Busy 
 27.10.2023: Not Busy 
 28.10.2023: Not Busy 
 29.10.2023: Not Busy 
 30.10.2023: Not Busy"
25.0365006704009,60.1872113457581,"Agnetankuja 
 26.10.2023: Not Busy 
 27.10.2023: Not Busy 
 28.10.2023: Not Busy 
 29.10.2023: Not Busy 
 30.10.2023: Moderately Busy"
24.9665718240118,60.2027696318957,"Arabian kauppakeskus 
 26.10.2023: Moderately Busy 
 27.10.2023: Not Busy 
 28.10.2023: Not Busy 
 29.10.2023: Not Busy 
 30.10.2023: Moderately Busy"
24.9698571193553,60.2125872907979,"Koskelan varikko 
 26.10.2023: Quite Busy 
 27.10.2023: Very Busy 
 28.10.2023: Quite Busy 
 29.10.2023: Quite Busy 
 30.10.2023: Very Busy"
25.0610604378889,60.1916636460758,"Tammisalon aukio 
 26.10.2023: Moderately Busy 
 27.10.2023: Moderately Busy 
 28.10.2023: Moderately Busy 
 29.10.2023: Moderately Busy 
 30.10.2023: Quite Busy"
24.742231,60.163409,"Outotec 
 26.10.2023: Moderately Busy 
 27.10.2023: Moderately Busy 
 28.10.2023: Moderately Busy 
 29.10.2023: Moderately Busy 
 30.10.2023: Moderately Busy"
24.804735,60.226379,"Leppävaaran uimahalli 
 26.10.2023: Not Busy 
 27.10.2023: Not Busy 
 28.10.2023: Not Busy 
 29.10.2023: Not Busy 
 30.10.2023: Not Busy"
24.754196,60.151041,"Matinlahdenranta 
 26.10.2023: Not Busy 
 27.10.2023: Not Busy 
 28.10.2023: Not Busy 
 29.10.2023: Not Busy 
 30.10.2023: Moderately Busy"
24.9305373005364,60.168609492141,"Kamppi (M) 
 26.10.2023: Not Busy 
 27.10.2023: Not Busy 
 28.10.2023: Not Busy 
 29.10.2023: Not Busy 
 30.10.2023: Not Busy"
24.967854123638,60.1864553029206,"Vilhonvuorenkatu 
 26.10.2023: Moderately Busy 
 27.10.2023: Moderately Busy 
 28.10.2023: Moderately Busy 
 29.10.2023: Moderately Busy 
 30.10.2023: Moderately Busy"
24.9551952848707,60.1831601093456,"Haapaniemenkatu 
 26.10.2023: Moderately Busy 
 27.10.2023: Moderately Busy 
 28.10.2023: Moderately Busy 
 29.10.2023: Moderately Busy 
 30.10.2023: Moderately Busy"
24.835033,60.188118,"Jämeräntaival 
 26.10.2023: Moderately Busy 
 27.10.2023: Moderately Busy 
 28.10.2023: Moderately Busy 
 29.10.2023: Moderately Busy 
 30.10.2023: Moderately Busy"
24.769667,60.176107,"Tontunmäentie 
 26.10.2023: Not Busy 
 27.10.2023: Not Busy 
 28.10.2023: Not Busy 
 29.10.2023: Not Busy 
 30.10.2023: Not Busy"
24.9362853002102,60.157948291819,"Sepänkatu 
 26.10.2023: Not Busy 
 27.10.2023: Not Busy 
 28.10.2023: Not Busy 
 29.10.2023: Not Busy 
 30.10.2023: Moderately Busy"
25.0450147987503,60.1755054994249,"Isosaarentie 
 26.10.2023: Moderately Busy 
 27.10.2023: Moderately Busy 
 28.10.2023: Moderately Busy 
 29.10.2023: Moderately Busy 
 30.10.2023: Moderately Busy"
24.810193,60.187529,"Maarinranta 
 26.10.2023: Moderately Busy 
 27.10.2023: Moderately Busy 
 28.10.2023: Moderately Busy 
 29.10.2023: Moderately Busy 
 30.10.2023: Moderately Busy"
24.8620200832623,60.1578749328793,"Puistokaari 
 26.10.2023: Quite Busy 
 27.10.2023: Moderately Busy 
 28.10.2023: Moderately Busy 
 29.10.2023: Moderately Busy 
 30.10.2023: Quite Busy"
25.0261074895481,60.1902241178364,"Herttoniemenranta 
 26.10.2023: Moderately Busy 
 27.10.2023: Moderately Busy 
 28.10.2023: Moderately Busy 
 29.10.2023: Moderately Busy 
 30.10.2023: Quite Busy"
24.9248733985577,60.1991509808314,"Maistraatintori 
 26.10.2023: Extremely Busy 
 27.10.2023: Very Busy 
 28.10.2023: Quite Busy 
 29.10.2023: Very Busy 
 30.10.2023: Extremely Busy"
24.817403,60.18363,"Hagalundinpuisto 
 26.10.2023: Quite Busy 
 27.10.2023: Quite Busy 
 28.10.2023: Moderately Busy 
 29.10.2023: Moderately Busy 
 30.10.2023: Quite Busy"
24.9401592995968,60.1911410923558,"Linnanmäki 
 26.10.2023: Moderately Busy 
 27.10.2023: Not Busy 
 28.10.2023: Moderately Busy 
 29.10.2023: Moderately Busy 
 30.10.2023: Moderately Busy"
24.805825,60.176168,"Tapionaukio 
 26.10.2023: Moderately Busy 
 27.10.2023: Moderately Busy 
 28.10.2023: Moderately Busy 
 29.10.2023: Moderately Busy 
 30.10.2023: Quite Busy"
24.724835,60.160645,"Etuniementie 
 26.10.2023: Moderately Busy 
 27.10.2023: Moderately Busy 
 28.10.2023: Moderately Busy 
 29.10.2023: Moderately Busy 
 30.10.2023: Quite Busy"
24.992105405271,60.181844391759,"Mustikkamaa 
 26.10.2023: Moderately Busy 
 27.10.2023: Moderately Busy 
 28.10.2023: Moderately Busy 
 29.10.2023: Moderately Busy 
 30.10.2023: Moderately Busy"
24.824561,60.230453,"Kutsuntatie 
 26.10.2023: Not Busy 
 27.10.2023: Not Busy 
 28.10.2023: Not Busy 
 29.10.2023: Not Busy 
 30.10.2023: Not Busy"
24.804022,60.184765,"Kalevalantie 
 26.10.2023: Moderately Busy 
 27.10.2023: Moderately Busy 
 28.10.2023: Moderately Busy 
 29.10.2023: Moderately Busy 
 30.10.2023: Quite Busy"
24.741294,60.160015,"Suomenlahdentie 
 26.10.2023: Not Busy 
 27.10.2023: Not Busy 
 28.10.2023: Not Busy 
 29.10.2023: Not Busy 
 30.10.2023: Not Busy"
24.744131,60.184596,"Suurpellonaukio 
 26.10.2023: Moderately Busy 
 27.10.2023: Moderately Busy 
 28.10.2023: Moderately Busy 
 29.10.2023: Moderately Busy 
 30.10.2023: Moderately Busy"
24.737664,60.156755,"Tiistiläntie 
 26.10.2023: Moderately Busy 
 27.10.2023: Moderately Busy 
 28.10.2023: Moderately Busy 
 29.10.2023: Moderately Busy 
 30.10.2023: Moderately Busy"
24.9728193757834,60.2249303574235,"Kirkkoherrantie 
 26.10.2023: Moderately Busy 
 27.10.2023: Moderately Busy 
 28.10.2023: Moderately Busy 
 29.10.2023: Moderately Busy 
 30.10.2023: Quite Busy"
24.784654,60.177749,"Tapiolan urheilupuisto 
 26.10.2023: Very Busy 
 27.10.2023: Quite Busy 
 28.10.2023: Quite Busy 
 29.10.2023: Quite Busy 
 30.10.2023: Very Busy"
24.9223311437335,60.2026940388763,"Hertanmäenkatu 
 26.10.2023: Not Busy 
 27.10.2023: Not Busy 
 28.10.2023: Not Busy 
 29.10.2023: Not Busy 
 30.10.2023: Not Busy"
24.9318975121431,60.1713588986588,"Eläinmuseo 
 26.10.2023: Extremely Busy 
 27.10.2023: Extremely Busy 
 28.10.2023: Quite Busy 
 29.10.2023: Quite Busy 
 30.10.2023: Extremely Busy"
24.771826,60.180118,"Orionintie 
 26.10.2023: Very Busy 
 27.10.2023: Very Busy 
 28.10.2023: Moderately Busy 
 29.10.2023: Moderately Busy 
 30.10.2023: Very Busy"
24.800971,60.224943,"Leppävaaran urheilupuisto 
 26.10.2023: Moderately Busy 
 27.10.2023: Moderately Busy 
 28.10.2023: Moderately Busy 
 29.10.2023: Moderately Busy 
 30.10.2023: Moderately Busy"
24.7848628,60.1624471,"Toppelundinportti 
 26.10.2023: Moderately Busy 
 27.10.2023: Moderately Busy 
 28.10.2023: Moderately Busy 
 29.10.2023: Moderately Busy 
 30.10.2023: Moderately Busy"
24.741546,60.147921,"Nuottaniementie 
 26.10.2023: Moderately Busy 
 27.10.2023: Moderately Busy 
 28.10.2023: Moderately Busy 
 29.10.2023: Moderately Busy 
 30.10.2023: Moderately Busy"
25.0372267110383,60.1910267485051,"Margareetankuja 
 26.10.2023: Moderately Busy 
 27.10.2023: Moderately Busy 
 28.10.2023: Moderately Busy 
 29.10.2023: Moderately Busy 
 30.10.2023: Moderately Busy"
25.0064636871854,60.1889293103178,"Kulosaari (M) 
 26.10.2023: Moderately Busy 
 27.10.2023: Moderately Busy 
 28.10.2023: Moderately Busy 
 29.10.2023: Moderately Busy 
 30.10.2023: Moderately Busy"
24.9337369553808,60.2203012590912,"Postipuisto 
 26.10.2023: Moderately Busy 
 27.10.2023: Moderately Busy 
 28.10.2023: Moderately Busy 
 29.10.2023: Moderately Busy 
 30.10.2023: Moderately Busy"
24.8559544008311,60.207119292,"Muusantori 
 26.10.2023: Moderately Busy 
 27.10.2023: Moderately Busy 
 28.10.2023: Moderately Busy 
 29.10.2023: Moderately Busy 
 30.10.2023: Moderately Busy"
24.742571,60.187052,"Lukutori 
 26.10.2023: Moderately Busy 
 27.10.2023: Quite Busy 
 28.10.2023: Quite Busy 
 29.10.2023: Quite Busy 
 30.10.2023: Quite Busy"
24.743532,60.168441,"Piispankallio 
 26.10.2023: Not Busy 
 27.10.2023: Not Busy 
 28.10.2023: Not Busy 
 29.10.2023: Not Busy 
 30.10.2023: Not Busy"
24.754344,60.147974,"Nokkala 
 26.10.2023: Not Busy 
 27.10.2023: Not Busy 
 28.10.2023: Not Busy 
 29.10.2023: Not Busy 
 30.10.2023: Not Busy"
24.729314,60.174524,"Ruomelantie 
 26.10.2023: Moderately Busy 
 27.10.2023: Moderately Busy 
 28.10.2023: Moderately Busy 
 29.10.2023: Moderately Busy 
 30.10.2023: Moderately Busy"
24.8835764865762,60.199732919393,"Huopalahdentie 
 26.10.2023: Moderately Busy 
 27.10.2023: Moderately Busy 
 28.10.2023: Moderately Busy 
 29.10.2023: Moderately Busy 
 30.10.2023: Moderately Busy"
24.9224112000483,60.1731472920894,"Sammonpuistikko 
 26.10.2023: Moderately Busy 
 27.10.2023: Moderately Busy 
 28.10.2023: Moderately Busy 
 29.10.2023: Moderately Busy 
 30.10.2023: Moderately Busy"
24.82895,60.175233,"Keilaniemi (M) 
 26.10.2023: Not Busy 
 27.10.2023: Not Busy 
 28.10.2023: Not Busy 
 29.10.2023: Not Busy 
 30.10.2023: Moderately Busy"
24.817423,60.178655,"Otsolahti 
 26.10.2023: Moderately Busy 
 27.10.2023: Moderately Busy 
 28.10.2023: Moderately Busy 
 29.10.2023: Moderately Busy 
 30.10.2023: Moderately Busy"
25.0519120121374,60.1800091502319,"Laajasalon ostoskeskus 
 26.10.2023: Moderately Busy 
 27.10.2023: Quite Busy 
 28.10.2023: Quite Busy 
 29.10.2023: Quite Busy 
 30.10.2023: Quite Busy"
24.773993,60.154941,"Mellstenintie 
 26.10.2023: Moderately Busy 
 27.10.2023: Moderately Busy 
 28.10.2023: Not Busy 
 29.10.2023: Moderately Busy 
 30.10.2023: Moderately Busy"
24.796959,60.18715,"Louhentori 
 26.10.2023: Moderately Busy 
 27.10.2023: Moderately Busy 
 28.10.2023: Moderately Busy 
 29.10.2023: Moderately Busy 
 30.10.2023: Moderately Busy"
25.076069360708,60.2043248841061,"Marjaniementie 
 26.10.2023: Quite Busy 
 27.10.2023: Quite Busy 
 28.10.2023: Quite Busy 
 29.10.2023: Quite Busy 
 30.10.2023: Very Busy"
24.9012350212612,60.1990120683446,"Kiskontie 
 26.10.2023: Moderately Busy 
 27.10.2023: Moderately Busy 
 28.10.2023: Not Busy 
 29.10.2023: Not Busy 
 30.10.2023: Moderately Busy"
25.0753901685843,60.2240882550803,"Myllypuro (M) 
 26.10.2023: Quite Busy 
 27.10.2023: Quite Busy 
 28.10.2023: Quite Busy 
 29.10.2023: Quite Busy 
 30.10.2023: Quite Busy"
24.802938,60.171551,"Revontulentie 
 26.10.2023: Moderately Busy 
 27.10.2023: Moderately Busy 
 28.10.2023: Not Busy 
 29.10.2023: Not Busy 
 30.10.2023: Moderately Busy"
25.0451499077688,60.2059412826664,"Siilitie (M) 
 26.10.2023: Moderately Busy 
 27.10.2023: Moderately Busy 
 28.10.2023: Moderately Busy 
 29.10.2023: Moderately Busy 
 30.10.2023: Quite Busy"
24.837133,60.18483,"Otaranta 
 26.10.2023: Moderately Busy 
 27.10.2023: Moderately Busy 
 28.10.2023: Moderately Busy 
 29.10.2023: Moderately Busy 
 30.10.2023: Quite Busy"
25.1022019197012,60.2187064270041,"Karhulantie 
 26.10.2023: Moderately Busy 
 27.10.2023: Moderately Busy 
 28.10.2023: Moderately Busy 
 29.10.2023: Moderately Busy 
 30.10.2023: Quite Busy"
24.819614,60.227827,"Vallipolku 
 26.10.2023: Moderately Busy 
 27.10.2023: Moderately Busy 
 28.10.2023: Moderately Busy 
 29.10.2023: Moderately Busy 
 30.10.2023: Not Busy"
24.9487651621964,60.2307028618145,"Kustaankartano 
 26.10.2023: Not Busy 
 27.10.2023: Moderately Busy 
 28.10.2023: Moderately Busy 
 29.10.2023: Moderately Busy 
 30.10.2023: Moderately Busy"
24.804898,60.222154,"Gransinmäki 
 26.10.2023: Moderately Busy 
 27.10.2023: Moderately Busy 
 28.10.2023: Moderately Busy 
 29.10.2023: Moderately Busy 
 30.10.2023: Moderately Busy"
24.817919,60.22193,"Mestarinkatu 
 26.10.2023: Quite Busy 
 27.10.2023: Moderately Busy 
 28.10.2023: Quite Busy 
 29.10.2023: Moderately Busy 
 30.10.2023: Quite Busy"
24.8840193884533,60.1967237851281,"Munkkiniemen aukio 
 26.10.2023: Moderately Busy 
 27.10.2023: Moderately Busy 
 28.10.2023: Moderately Busy 
 29.10.2023: Moderately Busy 
 30.10.2023: Moderately Busy"
24.8798066035013,60.2059834138688,"Munkkivuoren ostoskeskus 
 26.10.2023: Moderately Busy 
 27.10.2023: Moderately Busy 
 28.10.2023: Moderately Busy 
 29.10.2023: Moderately Busy 
 30.10.2023: Moderately Busy"
24.8763012644261,60.1978706012264,"Laajalahden aukio 
 26.10.2023: Moderately Busy 
 27.10.2023: Moderately Busy 
 28.10.2023: Moderately Busy 
 29.10.2023: Moderately Busy 
 30.10.2023: Moderately Busy"
24.887547040742,60.2328640962858,"Näyttelijäntie 
 26.10.2023: Not Busy 
 27.10.2023: Not Busy 
 28.10.2023: Not Busy 
 29.10.2023: Not Busy 
 30.10.2023: Not Busy"
24.898930057033,60.2121115807155,"Haagan tori 
 26.10.2023: Moderately Busy 
 27.10.2023: Moderately Busy 
 28.10.2023: Moderately Busy 
 29.10.2023: Moderately Busy 
 30.10.2023: Moderately Busy"
24.9018996998812,60.1952451922329,"Kuusitie 
 26.10.2023: Moderately Busy 
 27.10.2023: Moderately Busy 
 28.10.2023: Moderately Busy 
 29.10.2023: Moderately Busy 
 30.10.2023: Moderately Busy"
24.9152135431213,60.1504730320499,"Länsiterminaali 
 26.10.2023: Moderately Busy 
 27.10.2023: Moderately Busy 
 28.10.2023: Moderately Busy 
 29.10.2023: Quite Busy 
 30.10.2023: Quite Busy"
24.8895209008125,60.2089249922173,"Vihdintie 
 26.10.2023: Moderately Busy 
 27.10.2023: Moderately Busy 
 28.10.2023: Moderately Busy 
 29.10.2023: Moderately Busy 
 30.10.2023: Moderately Busy"
24.9009334858186,60.164784170294,"Salmisaarenranta 
 26.10.2023: Not Busy 
 27.10.2023: Not Busy 
 28.10.2023: Not Busy 
 29.10.2023: Not Busy 
 30.10.2023: Not Busy"
24.8995694064157,60.2166149334764,"Tunnelitie 
 26.10.2023: Moderately Busy 
 27.10.2023: Moderately Busy 
 28.10.2023: Moderately Busy 
 29.10.2023: Moderately Busy 
 30.10.2023: Quite Busy"
24.8732133049419,60.2271498086552,"Marttila 
 26.10.2023: Quite Busy 
 27.10.2023: Moderately Busy 
 28.10.2023: Moderately Busy 
 29.10.2023: Quite Busy 
 30.10.2023: Quite Busy"
24.8952023541771,60.2295326765972,"Ida Aalbergin tie 
 26.10.2023: Extremely Busy 
 27.10.2023: Extremely Busy 
 28.10.2023: Extremely Busy 
 29.10.2023: Extremely Busy 
 30.10.2023: Extremely Busy"
24.9120898275496,60.1569514968019,"Länsisatamankuja 
 26.10.2023: Moderately Busy 
 27.10.2023: Moderately Busy 
 28.10.2023: Not Busy 
 29.10.2023: Not Busy 
 30.10.2023: Moderately Busy"
24.8505039451831,60.1819482497591,"Lehtisaarentie 
 26.10.2023: Not Busy 
 27.10.2023: Not Busy 
 28.10.2023: Moderately Busy 
 29.10.2023: Moderately Busy 
 30.10.2023: Moderately Busy"
24.8999261202594,60.1912061418589,"Paciuksenkatu 
 26.10.2023: Not Busy 
 27.10.2023: Not Busy 
 28.10.2023: Not Busy 
 29.10.2023: Not Busy 
 30.10.2023: Moderately Busy"
24.8535714902996,60.2267575847976,"Jännetie 
 26.10.2023: Moderately Busy 
 27.10.2023: Moderately Busy 
 28.10.2023: Moderately Busy 
 29.10.2023: Moderately Busy 
 30.10.2023: Moderately Busy"
24.8710464686467,60.2178996244041,"Takomotie 
 26.10.2023: Moderately Busy 
 27.10.2023: Moderately Busy 
 28.10.2023: Moderately Busy 
 29.10.2023: Moderately Busy 
 30.10.2023: Moderately Busy"
24.9083351006824,60.1902194919139,"Meilahden sairaala 
 26.10.2023: Moderately Busy 
 27.10.2023: Moderately Busy 
 28.10.2023: Not Busy 
 29.10.2023: Not Busy 
 30.10.2023: Moderately Busy"
24.9267808000548,60.1975723919044,"Esterinportti 
 26.10.2023: Not Busy 
 27.10.2023: Not Busy 
 28.10.2023: Not Busy 
 29.10.2023: Not Busy 
 30.10.2023: Not Busy"
24.8758443985049,60.2223022514537,"Valimon asema 
 26.10.2023: Moderately Busy 
 27.10.2023: Moderately Busy 
 28.10.2023: Not Busy 
 29.10.2023: Not Busy 
 30.10.2023: Moderately Busy"
24.8950577369046,60.2180961357994,"Huopalahden asema 
 26.10.2023: Quite Busy 
 27.10.2023: Moderately Busy 
 28.10.2023: Moderately Busy 
 29.10.2023: Moderately Busy 
 30.10.2023: Quite Busy"
24.8830806372706,60.2300717042706,"Pohjois-Haagan asema 
 26.10.2023: Very Busy 
 27.10.2023: Very Busy 
 28.10.2023: Quite Busy 
 29.10.2023: Quite Busy 
 30.10.2023: Very Busy"
24.8586292857926,60.2243090934475,"Pitäjänmäen asema 
 26.10.2023: Moderately Busy 
 27.10.2023: Moderately Busy 
 28.10.2023: Moderately Busy 
 29.10.2023: Not Busy 
 30.10.2023: Moderately Busy"
24.8916816998729,60.2056784923064,"Kriikunakuja 
 26.10.2023: Moderately Busy 
 27.10.2023: Moderately Busy 
 28.10.2023: Moderately Busy 
 29.10.2023: Moderately Busy 
 30.10.2023: Moderately Busy"
24.9797385551711,60.1859217406831,"Arielinkatu 
 26.10.2023: Extremely Busy 
 27.10.2023: Extremely Busy 
 28.10.2023: Extremely Busy 
 29.10.2023: Extremely Busy 
 30.10.2023: Extremely Busy"
24.9381525773313,60.1992657652357,"Opastinsilta 
 26.10.2023: Not Busy 
 27.10.2023: Not Busy 
 28.10.2023: Not Busy 
 29.10.2023: Not Busy 
 30.10.2023: Not Busy"
24.960554135,60.187712639,"Sörnäinen (M) 
 26.10.2023: Not Busy 
 27.10.2023: Not Busy 
 28.10.2023: Not Busy 
 29.10.2023: Not Busy 
 30.10.2023: Not Busy"
25.1062099916086,60.2125374414988,"Puotinkylän kartano 
 26.10.2023: Moderately Busy 
 27.10.2023: Moderately Busy 
 28.10.2023: Moderately Busy 
 29.10.2023: Moderately Busy 
 30.10.2023: Moderately Busy"
25.1515462608624,60.2046812958719,"Leikosaarentie 
 26.10.2023: Moderately Busy 
 27.10.2023: Moderately Busy 
 28.10.2023: Moderately Busy 
 29.10.2023: Moderately Busy 
 30.10.2023: Not Busy"
25.1593463483962,60.202773395376,"Aurinkotuulenkatu 
 26.10.2023: Moderately Busy 
 27.10.2023: Moderately Busy 
 28.10.2023: Moderately Busy 
 29.10.2023: Moderately Busy 
 30.10.2023: Moderately Busy"
25.1410953624725,60.221320897051,"Vuosaaren puistopolku 
 26.10.2023: Moderately Busy 
 27.10.2023: Not Busy 
 28.10.2023: Moderately Busy 
 29.10.2023: Not Busy 
 30.10.2023: Not Busy"
25.1467500568672,60.2140014852962,"Punakiventie 
 26.10.2023: Moderately Busy 
 27.10.2023: Moderately Busy 
 28.10.2023: Moderately Busy 
 29.10.2023: Moderately Busy 
 30.10.2023: Moderately Busy"
25.1501135293384,60.2011360782064,"Aurinkolahdenaukio 
 26.10.2023: Not Busy 
 27.10.2023: Not Busy 
 28.10.2023: Not Busy 
 29.10.2023: Not Busy 
 30.10.2023: Not Busy"
25.1201408621083,60.2055354689175,"Rastila (M) 
 26.10.2023: Moderately Busy 
 27.10.2023: Moderately Busy 
 28.10.2023: Moderately Busy 
 29.10.2023: Moderately Busy 
 30.10.2023: Moderately Busy"
25.1430402936212,60.202124196154,"Kalkkihiekantie 
 26.10.2023: Quite Busy 
 27.10.2023: Quite Busy 
 28.10.2023: Quite Busy 
 29.10.2023: Quite Busy 
 30.10.2023: Quite Busy"
25.1410458716813,60.2066160428581,"Ulappasilta 
 26.10.2023: Quite Busy 
 27.10.2023: Quite Busy 
 28.10.2023: Moderately Busy 
 29.10.2023: Moderately Busy 
 30.10.2023: Quite Busy"
25.143852587603,60.2079753561922,"Mosaiikkitori 
 26.10.2023: Moderately Busy 
 27.10.2023: Moderately Busy 
 28.10.2023: Moderately Busy 
 29.10.2023: Moderately Busy 
 30.10.2023: Moderately Busy"
25.1194224144705,60.2041542257304,"Meri-Rastilan tori 
 26.10.2023: Quite Busy 
 27.10.2023: Moderately Busy 
 28.10.2023: Quite Busy 
 29.10.2023: Moderately Busy 
 30.10.2023: Moderately Busy"
25.1584093750563,60.2054467315293,"Sumukuja 
 26.10.2023: Moderately Busy 
 27.10.2023: Moderately Busy 
 28.10.2023: Moderately Busy 
 29.10.2023: Moderately Busy 
 30.10.2023: Moderately Busy"
25.1342325127583,60.213980722047,"Koukkusaarentie 
 26.10.2023: Moderately Busy 
 27.10.2023: Moderately Busy 
 28.10.2023: Moderately Busy 
 29.10.2023: Not Busy 
 30.10.2023: Moderately Busy"
25.1338286912921,60.2196483224979,"Purjetie 
 26.10.2023: Moderately Busy 
 27.10.2023: Moderately Busy 
 28.10.2023: Moderately Busy 
 29.10.2023: Moderately Busy 
 30.10.2023: Quite Busy"
25.0132371443462,60.2503063500603,"Ala-Malmin tori 
 26.10.2023: Moderately Busy 
 27.10.2023: Moderately Busy 
 28.10.2023: Moderately Busy 
 29.10.2023: Moderately Busy 
 30.10.2023: Moderately Busy"
25.1365036011866,60.2095580685415,"Lokitie 
 26.10.2023: Moderately Busy 
 27.10.2023: Not Busy 
 28.10.2023: Not Busy 
 29.10.2023: Moderately Busy 
 30.10.2023: Moderately Busy"
25.0616678668253,60.1644074899774,"Jollas 
 26.10.2023: Not Busy 
 27.10.2023: Not Busy 
 28.10.2023: Quite Busy 
 29.10.2023: Quite Busy 
 30.10.2023: Quite Busy"
25.1279098203443,60.2023869312805,"Halkaisijantie 
 26.10.2023: Moderately Busy 
 27.10.2023: Moderately Busy 
 28.10.2023: Moderately Busy 
 29.10.2023: Moderately Busy 
 30.10.2023: Moderately Busy"
25.1199060794359,60.1995636503578,"Ramsinniementie 
 26.10.2023: Not Busy 
 27.10.2023: Not Busy 
 28.10.2023: Moderately Busy 
 29.10.2023: Moderately Busy 
 30.10.2023: Not Busy"
25.1534645734222,60.2122976062757,"Vuosaaren liikuntapuisto 
 26.10.2023: Moderately Busy 
 27.10.2023: Moderately Busy 
 28.10.2023: Moderately Busy 
 29.10.2023: Not Busy 
 30.10.2023: Quite Busy"
25.146787178183,60.2187766341847,"Haapasaarentie 
 26.10.2023: Moderately Busy 
 27.10.2023: Quite Busy 
 28.10.2023: Quite Busy 
 29.10.2023: Moderately Busy 
 30.10.2023: Moderately Busy"
25.1455043565057,60.2063719022092,"Kauppakeskus Columbus 
 26.10.2023: Moderately Busy 
 27.10.2023: Moderately Busy 
 28.10.2023: Moderately Busy 
 29.10.2023: Moderately Busy 
 30.10.2023: Moderately Busy"
25.1359993335263,60.2044047701442,"Kaivonkatsojanpuisto 
 26.10.2023: Moderately Busy 
 27.10.2023: Moderately Busy 
 28.10.2023: Moderately Busy 
 29.10.2023: Moderately Busy 
 30.10.2023: Moderately Busy"
24.9986055764439,60.256671174374,"Syystie 
 26.10.2023: Moderately Busy 
 27.10.2023: Moderately Busy 
 28.10.2023: Moderately Busy 
 29.10.2023: Moderately Busy 
 30.10.2023: Moderately Busy"
25.0039930501515,60.2498265610789,"Tilketori 
 26.10.2023: Moderately Busy 
 27.10.2023: Moderately Busy 
 28.10.2023: Moderately Busy 
 29.10.2023: Moderately Busy 
 30.10.2023: Moderately Busy"
25.0078604417066,60.2468453049551,"Karviaistie 
 26.10.2023: Not Busy 
 27.10.2023: Not Busy 
 28.10.2023: Moderately Busy 
 29.10.2023: Moderately Busy 
 30.10.2023: Moderately Busy"
25.0013676173171,60.2393196827549,"Rapakiventie 
 26.10.2023: Moderately Busy 
 27.10.2023: Moderately Busy 
 28.10.2023: Moderately Busy 
 29.10.2023: Moderately Busy 
 30.10.2023: Moderately Busy"
25.0091215694658,60.2523255258372,"Malmin asema 
 26.10.2023: Moderately Busy 
 27.10.2023: Moderately Busy 
 28.10.2023: Moderately Busy 
 29.10.2023: Moderately Busy 
 30.10.2023: Moderately Busy"
25.0214900833646,60.2533940877891,"Teerisuontie 
 26.10.2023: Moderately Busy 
 27.10.2023: Moderately Busy 
 28.10.2023: Moderately Busy 
 29.10.2023: Moderately Busy 
 30.10.2023: Moderately Busy"
25.0297267023462,60.2426928298539,"Väärämäentie 
 26.10.2023: Moderately Busy 
 27.10.2023: Moderately Busy 
 28.10.2023: Moderately Busy 
 29.10.2023: Moderately Busy 
 30.10.2023: Not Busy"
25.0368876017095,60.2632142978322,"Helluntairaitti 
 26.10.2023: Moderately Busy 
 27.10.2023: Moderately Busy 
 28.10.2023: Moderately Busy 
 29.10.2023: Not Busy 
 30.10.2023: Not Busy"
25.0028280196256,60.2541586216461,"Malmin sairaala 
 26.10.2023: Not Busy 
 27.10.2023: Not Busy 
 28.10.2023: Not Busy 
 29.10.2023: Not Busy 
 30.10.2023: Not Busy"
25.0549152254879,60.230462178329,"Kivikonlaita 
 26.10.2023: Not Busy 
 27.10.2023: Not Busy 
 28.10.2023: Not Busy 
 29.10.2023: Not Busy 
 30.10.2023: Not Busy"
25.1110602327979,60.2329614527257,"Sinkilätie 
 26.10.2023: Moderately Busy 
 27.10.2023: Moderately Busy 
 28.10.2023: Moderately Busy 
 29.10.2023: Moderately Busy 
 30.10.2023: Moderately Busy"
25.0746433427518,60.2399042915928,"Kivikonkaari 
 26.10.2023: Moderately Busy 
 27.10.2023: Moderately Busy 
 28.10.2023: Moderately Busy 
 29.10.2023: Moderately Busy 
 30.10.2023: Not Busy"
24.9183008944604,60.2552356088463,"Paloheinän maja 
 26.10.2023: Moderately Busy 
 27.10.2023: Moderately Busy 
 28.10.2023: Moderately Busy 
 29.10.2023: Moderately Busy 
 30.10.2023: Moderately Busy"
25.082971174464,60.2235265780465,"Lallukankuja 
 26.10.2023: Not Busy 
 27.10.2023: Moderately Busy 
 28.10.2023: Not Busy 
 29.10.2023: Moderately Busy 
 30.10.2023: Not Busy"
25.076226580763,60.2438416352054,"Kontulankaari 
 26.10.2023: Not Busy 
 27.10.2023: Not Busy 
 28.10.2023: Not Busy 
 29.10.2023: Not Busy 
 30.10.2023: Not Busy"
25.0826095549619,60.2360953526154,"Kontula (M) 
 26.10.2023: Moderately Busy 
 27.10.2023: Moderately Busy 
 28.10.2023: Moderately Busy 
 29.10.2023: Moderately Busy 
 30.10.2023: Moderately Busy"
24.9238580658345,60.2469918098113,"Paloheinäntie 
 26.10.2023: Moderately Busy 
 27.10.2023: Moderately Busy 
 28.10.2023: Moderately Busy 
 29.10.2023: Moderately Busy 
 30.10.2023: Moderately Busy"
25.118300016596,60.2367409143469,"Sallatunturintie 
 26.10.2023: Moderately Busy 
 27.10.2023: Moderately Busy 
 28.10.2023: Moderately Busy 
 29.10.2023: Moderately Busy 
 30.10.2023: Moderately Busy"
25.0626083649392,60.2331943880568,"Kurkimäentie 
 26.10.2023: Not Busy 
 27.10.2023: Not Busy 
 28.10.2023: Not Busy 
 29.10.2023: Not Busy 
 30.10.2023: Not Busy"
25.0716416497357,60.2282903943644,"Kurkimäki 
 26.10.2023: Not Busy 
 27.10.2023: Not Busy 
 28.10.2023: Not Busy 
 29.10.2023: Not Busy 
 30.10.2023: Not Busy"
25.1007232150956,60.2388442456374,"Tuukkalantie 
 26.10.2023: Not Busy 
 27.10.2023: Moderately Busy 
 28.10.2023: Moderately Busy 
 29.10.2023: Moderately Busy 
 30.10.2023: Moderately Busy"
25.0668572558023,60.2391310073666,"Varustuksentie 
 26.10.2023: Quite Busy 
 27.10.2023: Not Busy 
 28.10.2023: Not Busy 
 29.10.2023: Moderately Busy 
 30.10.2023: Not Busy"
25.1098747367064,60.2385353540219,"Mellunmäki (M) 
 26.10.2023: Moderately Busy 
 27.10.2023: Moderately Busy 
 28.10.2023: Moderately Busy 
 29.10.2023: Moderately Busy 
 30.10.2023: Quite Busy"
25.110914414719,60.2208894708644,"Vartioharjuntie 
 26.10.2023: Moderately Busy 
 27.10.2023: Moderately Busy 
 28.10.2023: Moderately Busy 
 29.10.2023: Not Busy 
 30.10.2023: Not Busy"
25.0855297731565,60.240913939764,"Lettopolku 
 26.10.2023: Not Busy 
 27.10.2023: Moderately Busy 
 28.10.2023: Moderately Busy 
 29.10.2023: Moderately Busy 
 30.10.2023: Not Busy"
25.0900641525363,60.2298249948271,"Humikkalankuja 
 26.10.2023: Not Busy 
 27.10.2023: Moderately Busy 
 28.10.2023: Moderately Busy 
 29.10.2023: Moderately Busy 
 30.10.2023: Moderately Busy"
25.0524695830581,60.23703581972,"Kivikon liikuntapuisto 
 26.10.2023: Moderately Busy 
 27.10.2023: Moderately Busy 
 28.10.2023: Moderately Busy 
 29.10.2023: Not Busy 
 30.10.2023: Moderately Busy"
24.9416682057603,60.2495097085073,"Paloheinän kirjasto 
 26.10.2023: Moderately Busy 
 27.10.2023: Moderately Busy 
 28.10.2023: Moderately Busy 
 29.10.2023: Moderately Busy 
 30.10.2023: Moderately Busy"
25.1275969785102,60.2312813452731,"Rukatunturintie 
 26.10.2023: Moderately Busy 
 27.10.2023: Moderately Busy 
 28.10.2023: Moderately Busy 
 29.10.2023: Moderately Busy 
 30.10.2023: Moderately Busy"
24.9447682689237,60.2568807091704,"Torpparinmäentie 
 26.10.2023: Moderately Busy 
 27.10.2023: Moderately Busy 
 28.10.2023: Moderately Busy 
 29.10.2023: Not Busy 
 30.10.2023: Moderately Busy"
24.9893966166804,60.2744670938261,"Siltamäki 
 26.10.2023: Moderately Busy 
 27.10.2023: Moderately Busy 
 28.10.2023: Moderately Busy 
 29.10.2023: Moderately Busy 
 30.10.2023: Moderately Busy"
24.9929902179008,60.2671467662216,"Töyrynummi 
 26.10.2023: Not Busy 
 27.10.2023: Moderately Busy 
 28.10.2023: Moderately Busy 
 29.10.2023: Moderately Busy 
 30.10.2023: Quite Busy"
25.0343501212405,60.2751896029642,"Puistolan asema 
 26.10.2023: Moderately Busy 
 27.10.2023: Quite Busy 
 28.10.2023: Moderately Busy 
 29.10.2023: Quite Busy 
 30.10.2023: Quite Busy"
25.0246919817259,60.2762367892689,"Maatullinkuja 
 26.10.2023: Moderately Busy 
 27.10.2023: Moderately Busy 
 28.10.2023: Moderately Busy 
 29.10.2023: Moderately Busy 
 30.10.2023: Quite Busy"
25.0033102423416,60.2608846521727,"Laulurastaantie 
 26.10.2023: Moderately Busy 
 27.10.2023: Moderately Busy 
 28.10.2023: Moderately Busy 
 29.10.2023: Moderately Busy 
 30.10.2023: Moderately Busy"
25.0110629825049,60.2807560752423,"Sateenkaarentie 
 26.10.2023: Moderately Busy 
 27.10.2023: Moderately Busy 
 28.10.2023: Moderately Busy 
 29.10.2023: Moderately Busy 
 30.10.2023: Moderately Busy"
25.0135723691851,60.2675063004499,"Kotinummentie 
 26.10.2023: Quite Busy 
 27.10.2023: Quite Busy 
 28.10.2023: Quite Busy 
 29.10.2023: Quite Busy 
 30.10.2023: Quite Busy"
25.0039702918602,60.2719623839468,"Töyrynummentie 
 26.10.2023: Moderately Busy 
 27.10.2023: Moderately Busy 
 28.10.2023: Not Busy 
 29.10.2023: Not Busy 
 30.10.2023: Not Busy"
25.0131080169475,60.2575633298897,"Huhtakuja 
 26.10.2023: Moderately Busy 
 27.10.2023: Moderately Busy 
 28.10.2023: Moderately Busy 
 29.10.2023: Moderately Busy 
 30.10.2023: Moderately Busy"
25.0281239739891,60.2633039538104,"Tapanilan asema 
 26.10.2023: Quite Busy 
 27.10.2023: Moderately Busy 
 28.10.2023: Quite Busy 
 29.10.2023: Moderately Busy 
 30.10.2023: Moderately Busy"
25.0176577469294,60.2609068068142,"Halmetie 
 26.10.2023: Very Busy 
 27.10.2023: Moderately Busy 
 28.10.2023: Moderately Busy 
 29.10.2023: Moderately Busy 
 30.10.2023: Quite Busy"
24.9897538768656,60.2596990442275,"Vanha Tapanilantie 
 26.10.2023: Moderately Busy 
 27.10.2023: Moderately Busy 
 28.10.2023: Moderately Busy 
 29.10.2023: Moderately Busy 
 30.10.2023: Moderately Busy"
25.0290905800296,60.25909156602,"Saniaiskuja 
 26.10.2023: Not Busy 
 27.10.2023: Not Busy 
 28.10.2023: Not Busy 
 29.10.2023: Not Busy 
 30.10.2023: Moderately Busy"
25.0648942053969,60.259431119227,"Alppikylä 
 26.10.2023: Very Busy 
 27.10.2023: Moderately Busy 
 28.10.2023: Moderately Busy 
 29.10.2023: Moderately Busy 
 30.10.2023: Moderately Busy"
25.0458546004102,60.2743699271658,"Puistolantori 
 26.10.2023: Quite Busy 
 27.10.2023: Not Busy 
 28.10.2023: Quite Busy 
 29.10.2023: Not Busy 
 30.10.2023: Quite Busy"
25.0727127107009,60.2701965544061,"Heikinlaakso 
 26.10.2023: Quite Busy 
 27.10.2023: Quite Busy 
 28.10.2023: Quite Busy 
 29.10.2023: Quite Busy 
 30.10.2023: Quite Busy"
25.0743775866131,60.2537712252939,"Jakomäentie 
 26.10.2023: Quite Busy 
 27.10.2023: Not Busy 
 28.10.2023: Not Busy 
 29.10.2023: Quite Busy 
 30.10.2023: Quite Busy"
25.0759055985793,60.2610194104155,"Jakomäki 
 26.10.2023: Moderately Busy 
 27.10.2023: Moderately Busy 
 28.10.2023: Moderately Busy 
 29.10.2023: Moderately Busy 
 30.10.2023: Moderately Busy"
24.9760758238593,60.1829308185667,"Sompasaari 
 26.10.2023: Quite Busy 
 27.10.2023: Quite Busy 
 28.10.2023: Quite Busy 
 29.10.2023: Quite Busy 
 30.10.2023: Quite Busy"
25.0575355661699,60.2700856600164,"Puistolan VPK 
 26.10.2023: Moderately Busy 
 27.10.2023: Moderately Busy 
 28.10.2023: Moderately Busy 
 29.10.2023: Not Busy 
 30.10.2023: Not Busy"
24.9775480765957,60.1895561753156,"Verkkosaari 
 26.10.2023: Moderately Busy 
 27.10.2023: Moderately Busy 
 28.10.2023: Moderately Busy 
 29.10.2023: Moderately Busy 
 30.10.2023: Quite Busy"
24.8512905063639,60.2388821009165,"Ajomiehentie 
 26.10.2023: Not Busy 
 27.10.2023: Moderately Busy 
 28.10.2023: Moderately Busy 
 29.10.2023: Moderately Busy 
 30.10.2023: Moderately Busy"
24.9715442521575,60.2355666358133,"Mikkolantie 
 26.10.2023: Moderately Busy 
 27.10.2023: Moderately Busy 
 28.10.2023: Moderately Busy 
 29.10.2023: Moderately Busy 
 30.10.2023: Moderately Busy"
24.8551642686834,60.1633863116225,"Koivusaari (M) 
 26.10.2023: Moderately Busy 
 27.10.2023: Moderately Busy 
 28.10.2023: Moderately Busy 
 29.10.2023: Moderately Busy 
 30.10.2023: Quite Busy"
24.9101421129463,60.1549042600429,"Bermudankuja 
 26.10.2023: Quite Busy 
 27.10.2023: Quite Busy 
 28.10.2023: Quite Busy 
 29.10.2023: Moderately Busy 
 30.10.2023: Quite Busy"
24.9581440446396,60.2488559062646,"Piikintie 
 26.10.2023: Not Busy 
 27.10.2023: Not Busy 
 28.10.2023: Not Busy 
 29.10.2023: Quite Busy 
 30.10.2023: Moderately Busy"
24.95944937493,60.2419862673955,"Etupellonpuisto 
 26.10.2023: Quite Busy 
 27.10.2023: Quite Busy 
 28.10.2023: Quite Busy 
 29.10.2023: Quite Busy 
 30.10.2023: Moderately Busy"
24.8475860266275,60.2447437736882,"Hankasuontie 
 26.10.2023: Moderately Busy 
 27.10.2023: Moderately Busy 
 28.10.2023: Moderately Busy 
 29.10.2023: Moderately Busy 
 30.10.2023: Quite Busy"
24.846165047021,60.2324510345281,"Vähäntuvantie 
 26.10.2023: Not Busy 
 27.10.2023: Not Busy 
 28.10.2023: Not Busy 
 29.10.2023: Not Busy 
 30.10.2023: Moderately Busy"
24.9913872585832,60.2404948542171,"Savela 
 26.10.2023: Moderately Busy 
 27.10.2023: Moderately Busy 
 28.10.2023: Moderately Busy 
 29.10.2023: Moderately Busy 
 30.10.2023: Quite Busy"
24.8567965996401,60.1845083389847,"Kuusisaari 
 26.10.2023: Moderately Busy 
 27.10.2023: Moderately Busy 
 28.10.2023: Moderately Busy 
 29.10.2023: Moderately Busy 
 30.10.2023: Not Busy"
24.9917239060614,60.2477323351629,"Pukinmäen liikuntapuisto 
 26.10.2023: Moderately Busy 
 27.10.2023: Moderately Busy 
 28.10.2023: Moderately Busy 
 29.10.2023: Moderately Busy 
 30.10.2023: Moderately Busy"
24.9870649315623,60.2517795830055,"Karhusuontie 
 26.10.2023: Moderately Busy 
 27.10.2023: Moderately Busy 
 28.10.2023: Moderately Busy 
 29.10.2023: Moderately Busy 
 30.10.2023: Quite Busy"
24.9939952300621,60.2430864481668,"Pukinmäen asema 
 26.10.2023: Moderately Busy 
 27.10.2023: Moderately Busy 
 28.10.2023: Moderately Busy 
 29.10.2023: Moderately Busy 
 30.10.2023: Quite Busy"
24.9833214791834,60.2452177923159,"Jokipellontie 
 26.10.2023: Moderately Busy 
 27.10.2023: Moderately Busy 
 28.10.2023: Not Busy 
 29.10.2023: Not Busy 
 30.10.2023: Moderately Busy"
24.892757395895,60.259256054776,"Kuninkaantammi 
 26.10.2023: Moderately Busy 
 27.10.2023: Moderately Busy 
 28.10.2023: Moderately Busy 
 29.10.2023: Moderately Busy 
 30.10.2023: Moderately Busy"
24.8574322593556,60.2515646859168,"Tuohipolku 
 26.10.2023: Not Busy 
 27.10.2023: Moderately Busy 
 28.10.2023: Not Busy 
 29.10.2023: Moderately Busy 
 30.10.2023: Moderately Busy"
24.8631156423813,60.2478178576762,"Malminkartanon asema 
 26.10.2023: Moderately Busy 
 27.10.2023: Moderately Busy 
 28.10.2023: Moderately Busy 
 29.10.2023: Moderately Busy 
 30.10.2023: Moderately Busy"
24.8766472489767,60.2393459909658,"Kannelmäen asema 
 26.10.2023: Moderately Busy 
 27.10.2023: Moderately Busy 
 28.10.2023: Moderately Busy 
 29.10.2023: Moderately Busy 
 30.10.2023: Moderately Busy"
24.8841075429141,60.2528066323977,"Kalannintie 
 26.10.2023: Not Busy 
 27.10.2023: Not Busy 
 28.10.2023: Not Busy 
 29.10.2023: Not Busy 
 30.10.2023: Not Busy"
24.8861026255016,60.2432353029777,"Pajupillintie 
 26.10.2023: Moderately Busy 
 27.10.2023: Moderately Busy 
 28.10.2023: Not Busy 
 29.10.2023: Moderately Busy 
 30.10.2023: Quite Busy"
24.8788004950615,60.2437463425961,"Kannelmäen liikuntapuisto 
 26.10.2023: Moderately Busy 
 27.10.2023: Moderately Busy 
 28.10.2023: Moderately Busy 
 29.10.2023: Moderately Busy 
 30.10.2023: Moderately Busy"
24.8894796721591,60.2363305501839,"Kauppakeskus Kaari 
 26.10.2023: Moderately Busy 
 27.10.2023: Moderately Busy 
 28.10.2023: Moderately Busy 
 29.10.2023: Moderately Busy 
 30.10.2023: Moderately Busy"
24.8572979635334,60.2432334444678,"Viljelijäntie 
 26.10.2023: Moderately Busy 
 27.10.2023: Moderately Busy 
 28.10.2023: Moderately Busy 
 29.10.2023: Moderately Busy 
 30.10.2023: Moderately Busy"
24.8465809743929,60.255557476007,"Honkasuo 
 26.10.2023: Moderately Busy 
 27.10.2023: Moderately Busy 
 28.10.2023: Moderately Busy 
 29.10.2023: Moderately Busy 
 30.10.2023: Moderately Busy"
24.8677110166808,60.245908525041,"Tollinpolku 
 26.10.2023: Quite Busy 
 27.10.2023: Quite Busy 
 28.10.2023: Quite Busy 
 29.10.2023: Quite Busy 
 30.10.2023: Quite Busy"
24.869109999497,60.2391561100934,"Trumpettikuja 
 26.10.2023: Quite Busy 
 27.10.2023: Quite Busy 
 28.10.2023: Quite Busy 
 29.10.2023: Quite Busy 
 30.10.2023: Moderately Busy"
24.8814517125501,60.2378065223104,"Kaustisentie 
 26.10.2023: Not Busy 
 27.10.2023: Not Busy 
 28.10.2023: Moderately Busy 
 29.10.2023: Not Busy 
 30.10.2023: Not Busy"
24.8989998259643,60.2444085812279,"Maununneva 
 26.10.2023: Moderately Busy 
 27.10.2023: Moderately Busy 
 28.10.2023: Moderately Busy 
 29.10.2023: Moderately Busy 
 30.10.2023: Not Busy"
24.9097508532821,60.232734803775,"Pirkkolan liikuntapuisto 
 26.10.2023: Quite Busy 
 27.10.2023: Quite Busy 
 28.10.2023: Moderately Busy 
 29.10.2023: Moderately Busy 
 30.10.2023: Quite Busy"
24.8486486878388,60.2504077926351,"Malminkartanonhuippu 
 26.10.2023: Moderately Busy 
 27.10.2023: Moderately Busy 
 28.10.2023: Not Busy 
 29.10.2023: Moderately Busy 
 30.10.2023: Moderately Busy"
24.8970699007855,60.252967146995,"Hakuninmaa 
 26.10.2023: Very Busy 
 27.10.2023: Very Busy 
 28.10.2023: Very Busy 
 29.10.2023: Very Busy 
 30.10.2023: Very Busy"
24.9028322456731,60.2274510674778,"Hämeenlinnanväylä 
 26.10.2023: Quite Busy 
 27.10.2023: Moderately Busy 
 28.10.2023: Moderately Busy 
 29.10.2023: Moderately Busy 
 30.10.2023: Quite Busy"
